1,26 E PEARSON,Chicago,IL,60660
2,26 E PEARSON,Chicago,IL,60660
3,26 E PEARSON,Chicago,IL,60660
4,26 E PEARSON,Chicago,IL,60660
5,26 E PEARSON,Chicago,IL,60660
6,26 E PEARSON,Chicago,IL,60660
7,26 E PEARSON,Chicago,IL,60660
8,26 E PEARSON,Chicago,IL,60660
9,26 E PEARSON,Chicago,IL,60660
10,26 E PEARSON,Chicago,IL,60660
11,1421 W ARDMORE,Chicago,IL,60660
12,1421 W ARDMORE,Chicago,IL,60660
13,1411 W ARDMORE,Chicago,IL,60660
14,1421 W ARDMORE,Chicago,IL,60660
15,1429 W ARDMORE,Chicago,IL,60660
16,1321 W ARDMORE,Chicago,IL,60660
17,1319 W ARDMORE,Chicago,IL,60660
18,1309 W ARDMORE,Chicago,IL,60660
19,1263 W ARDMORE,Chicago,IL,60660
20,1249 W ARDMORE,Chicago,IL,60660
21,1254 W ARDMORE,Chicago,IL,60660
22,1258 W ARDMORE,Chicago,IL,60660
23,1264 W ARDMORE,Chicago,IL,60660
24,1276 W ARDMORE,Chicago,IL,60660
25,1280 W ARDMORE,Chicago,IL,60660
26,1300 W ARDMORE,Chicago,IL,60660
27,1308 W ARDMORE,Chicago,IL,60660
28,5734 N BROADWAY,Chicago,IL,60660
29,5820 N BROADWAY,Chicago,IL,60660
30,5850 N BROADWAY,Chicago,IL,60660
31,26 E PEARSON,Chicago,IL,60660
32,1301 W EARLY,Chicago,IL,60660
33,1305 W EARLY,Chicago,IL,60660
34,1309 W EARLY,Chicago,IL,60660
35,1312 W EARLY,Chicago,IL,60660
36,1314 W EARLY,Chicago,IL,60660
37,1313 W EARLY,Chicago,IL,60660
38,1317 W EARLY,Chicago,IL,60660
39,1317 W EARLY,Chicago,IL,60660
40,1325 W EARLY,Chicago,IL,60660
41,1325 W EARLY,Chicago,IL,60660
42,1327 W EARLY,Chicago,IL,60660
43,1334 W EARLY,Chicago,IL,60660
44,1335 W EARLY,Chicago,IL,60660
45,1341 W EARLY,Chicago,IL,60660
46,1342 W EARLY,Chicago,IL,60660
47,1345 W EARLY,Chicago,IL,60660
48,1350 W EARLY,Chicago,IL,60660
49,1350 W EARLY,Chicago,IL,60660
50,1290 W EARLY,Chicago,IL,60660
51,1288 W EARLY,Chicago,IL,60660
52,1281 W EARLY,Chicago,IL,60660
53,1279 W EARLY,Chicago,IL,60660
54,1276 W EARLY,Chicago,IL,60660
55,1275 W EARLY,Chicago,IL,60660
56,1272 W EARLY,Chicago,IL,60660
57,1264 W EARLY,Chicago,IL,60660
58,1269 W EARLY,Chicago,IL,60660
59,1261 W EARLY,Chicago,IL,60660
60,1258 W EARLY,Chicago,IL,60660
61,1256 W EARLY,Chicago,IL,60660
62,1252 W EARLY,Chicago,IL,60660
63,1248 W EARLY,Chicago,IL,60660
64,1245 W EARLY,Chicago,IL,60660
65,1239 W EARLY,Chicago,IL,60660
66,1214 W EARLY,Chicago,IL,60660
67,1214 W EARLY,Chicago,IL,60660
68,5825 N GLENWOOD,Chicago,IL,60660
69,5814 N GLENWOOD,Chicago,IL,60660
70,5830 N GLENWOOD,Chicago,IL,60660
71,5840 N GLENWOOD,Chicago,IL,60660
72,26 E PEARSON,Chicago,IL,60660
73,1301 W HOLLYWOOD,Chicago,IL,60660
74,26 E PEARSON,Chicago,IL,60660
75,1307 W HOLLYWOOD,Chicago,IL,60660
76,5843 N MAGNOLIA,Chicago,IL,60660
77,5835 N MAGNOLIA,Chicago,IL,60660
78,5827 N MAGNOLIA,Chicago,IL,60660
79,5823 N MAGNOLIA,Chicago,IL,60660
80,5815 N MAGNOLIA,Chicago,IL,60660
81,5811 N MAGNOLIA,Chicago,IL,60660
82,5805 N MAGNOLIA,Chicago,IL,60660
83,5735 N MAGNOLIA,Chicago,IL,60660
84,5729 N MAGNOLIA,Chicago,IL,60660
85,5713 N MAGNOLIA,Chicago,IL,60660
86,5709 N MAGNOLIA,Chicago,IL,60660
87,5705 N MAGNOLIA,Chicago,IL,60660
88,5649 N MAGNOLIA,Chicago,IL,60660
89,5643 N MAGNOLIA,Chicago,IL,60660
90,5830 N MAGNOLIA,Chicago,IL,60660
91,5862 N MAGNOLIA,Chicago,IL,60660
92,5824 N MAGNOLIA,Chicago,IL,60660
93,5820 N MAGNOLIA,Chicago,IL,60660
94,5818 N MAGNOLIA,Chicago,IL,60660
95,5730 N MAGNOLIA,Chicago,IL,60660
96,5726 N MAGNOLIA,Chicago,IL,60660
97,5665 N RIDGE,Chicago,IL,60660
98,5681 N RIDGE,Chicago,IL,60660
99,5715 N RIDGE,Chicago,IL,60660
100,5787 N RIDGE,Chicago,IL,60660
101,1276 W VICTORIA,Chicago,IL,60660
102,1260 W VICTORIA,Chicago,IL,60660
103,1256 W VICTORIA,Chicago,IL,60660
104,1256 W VICTORIA,Chicago,IL,60660
105,1224 W VICTORIA,Chicago,IL,60660
106,1221 W VICTORIA,Chicago,IL,60660
107,1237 W VICTORIA,Chicago,IL,60660
108,1245 W VICTORIA,Chicago,IL,60660
109,1247 W VICTORIA,Chicago,IL,60660
110,1261 W VICTORIA,Chicago,IL,60660
111,1265 W VICTORIA,Chicago,IL,60660
112,1265 W VICTORIA,Chicago,IL,60660
113,1269 W VICTORIA,Chicago,IL,60660
114,1273 W VICTORIA,Chicago,IL,60660
115,1275 W VICTORIA,Chicago,IL,60660
116,1277 W VICTORIA,Chicago,IL,60660
117,1277 W VICTORIA,Chicago,IL,60660
118,5810 N WAYNE,Chicago,IL,60660
119,5812 N WAYNE,Chicago,IL,60660
120,5814 N WAYNE,Chicago,IL,60660
121,5826 N WAYNE,Chicago,IL,60660
122,5826 N WAYNE,Chicago,IL,60660
123,5832 N WAYNE,Chicago,IL,60660
124,5836 N WAYNE,Chicago,IL,60660
125,5840 N WAYNE,Chicago,IL,60660
126,5825 N WAYNE,Chicago,IL,60660
127,5815 N WAYNE,Chicago,IL,60660
128,5815 N WAYNE,Chicago,IL,60660
129,5815 N WAYNE,Chicago,IL,60660
130,5815 N WAYNE,Chicago,IL,60660
131,1290 W EARLY,Chicago,IL,60660
132,1281 W EARLY,Chicago,IL,60660
133,1281 W EARLY,Chicago,IL,60660
134,1279 W EARLY,Chicago,IL,60660
135,5705 N WAYNE,Chicago,IL,60660
136,5710 N WAYNE,Chicago,IL,60660
137,5710 N WAYNE,Chicago,IL,60660
138,5720 N WAYNE,Chicago,IL,60660
139,5720 N WAYNE,Chicago,IL,60660
140,5722 N WAYNE,Chicago,IL,60660
141,5734 N WAYNE,Chicago,IL,60660
142,6205 N SHERIDAN,Chicago,IL,60660
143,6205 N SHERIDAN,Chicago,IL,60660
144,6205 N SHERIDAN,Chicago,IL,60660
145,6205 N SHERIDAN,Chicago,IL,60660
146,6205 N SHERIDAN,Chicago,IL,60660
147,6205 N SHERIDAN,Chicago,IL,60660
148,6205 N SHERIDAN,Chicago,IL,60660
149,6205 N SHERIDAN,Chicago,IL,60660
150,5400 N WAYNE,Chicago,IL,60660
151,5400 N WAYNE,Chicago,IL,60660
152,1354 W BALMORAL,Chicago,IL,60660
153,1354 W BALMORAL,Chicago,IL,60660
154,1354 W BALMORAL,Chicago,IL,60660
155,1408 W BALMORAL,Chicago,IL,60660
156,1420 W BALMORAL,Chicago,IL,60660
157,1428 W BALMORAL,Chicago,IL,60660
158,1436 W BALMORAL,Chicago,IL,60660
159,1438 W BALMORAL,Chicago,IL,60660
160,1448 W BALMORAL,Chicago,IL,60660
161,1460 W BALMORAL,Chicago,IL,60660
162,1472 W BALMORAL,Chicago,IL,60660
163,1341 W BALMORAL,Chicago,IL,60660
164,1351 W BALMORAL,Chicago,IL,60660
165,1355 W BALMORAL,Chicago,IL,60660
166,1401 W BALMORAL,Chicago,IL,60660
167,1415 W BALMORAL,Chicago,IL,60660
168,1419 W BALMORAL,Chicago,IL,60660
169,1421 W BALMORAL,Chicago,IL,60660
170,1431 W BALMORAL,Chicago,IL,60660
171,1459 W BALMORAL,Chicago,IL,60660
172,1469 W BALMORAL,Chicago,IL,60660
173,5527 N GLENWOOD,Chicago,IL,60660
174,5521 N GLENWOOD,Chicago,IL,60660
175,5519 N GLENWOOD,Chicago,IL,60660
176,5517 N GLENWOOD,Chicago,IL,60660
177,5511 N GLENWOOD,Chicago,IL,60660
178,5505 N GLENWOOD,Chicago,IL,60660
179,5506 N GLENWOOD,Chicago,IL,60660
180,5508 N GLENWOOD,Chicago,IL,60660
181,5512 N GLENWOOD,Chicago,IL,60660
182,5514 N GLENWOOD,Chicago,IL,60660
183,5518 N GLENWOOD,Chicago,IL,60660
184,5520 N GLENWOOD,Chicago,IL,60660
185,5536 N GLENWOOD,Chicago,IL,60660
186,5538 N GLENWOOD,Chicago,IL,60660
187,5540 N GLENWOOD,Chicago,IL,60660
188,5542 N GLENWOOD,Chicago,IL,60660
189,5544 N GLENWOOD,Chicago,IL,60660
190,5550 N GLENWOOD,Chicago,IL,60660
191,26 E PEARSON,Chicago,IL,60660
192,5550 N GLENWOOD,Chicago,IL,60660
193,5550 N GLENWOOD,Chicago,IL,60660
194,26 E PEARSON,Chicago,IL,60660
195,5553 N GLENWOOD,Chicago,IL,60660
196,5551 N GLENWOOD,Chicago,IL,60660
197,5549 N GLENWOOD,Chicago,IL,60660
198,5537 N GLENWOOD,Chicago,IL,60660
199,5401 N GLENWOOD,Chicago,IL,60660
200,5411 N GLENWOOD,Chicago,IL,60660
201,5417 N GLENWOOD,Chicago,IL,60660
202,5417 N GLENWOOD,Chicago,IL,60660
203,5419 N GLENWOOD,Chicago,IL,60660
204,5421 N GLENWOOD,Chicago,IL,60660
205,5425 N GLENWOOD,Chicago,IL,60660
206,5426 N GLENWOOD,Chicago,IL,60660
207,26 E PEARSON,Chicago,IL,60660
208,5418 N GLENWOOD,Chicago,IL,60660
209,5416 N GLENWOOD,Chicago,IL,60660
210,5412 N GLENWOOD,Chicago,IL,60660
211,5410 N GLENWOOD,Chicago,IL,60660
212,5410 N GLENWOOD,Chicago,IL,60660
213,5400 N GLENWOOD,Chicago,IL,60660
214,5432 N GLENWOOD,Chicago,IL,60660
215,5434 N GLENWOOD,Chicago,IL,60660
216,5442 N GLENWOOD,Chicago,IL,60660
217,5444 N GLENWOOD,Chicago,IL,60660
218,5448 N GLENWOOD,Chicago,IL,60660
219,5452 N GLENWOOD,Chicago,IL,60660
220,5455 N GLENWOOD,Chicago,IL,60660
221,5449 N GLENWOOD,Chicago,IL,60660
222,5445 N GLENWOOD,Chicago,IL,60660
223,5439 N GLENWOOD,Chicago,IL,60660
224,5437 N GLENWOOD,Chicago,IL,60660
225,5433 N GLENWOOD,Chicago,IL,60660
226,5431 N GLENWOOD,Chicago,IL,60660
227,5302 N GLENWOOD,Chicago,IL,60660
228,5306 N GLENWOOD,Chicago,IL,60660
229,5308 N GLENWOOD,Chicago,IL,60660
230,5314 N GLENWOOD,Chicago,IL,60660
231,5318 N GLENWOOD,Chicago,IL,60660
232,5322 N GLENWOOD,Chicago,IL,60660
233,5325 N GLENWOOD,Chicago,IL,60660
234,5325 N GLENWOOD,Chicago,IL,60660
235,5311 N GLENWOOD,Chicago,IL,60660
236,5311 N GLENWOOD,Chicago,IL,60660
237,5305 N GLENWOOD,Chicago,IL,60660
238,26 E PEARSON,Chicago,IL,60660
239,1354 W SUMMERDALE,Chicago,IL,60660
240,1400 W SUMMERDALE,Chicago,IL,60660
241,5338 N GLENWOOD,Chicago,IL,60660
242,5342 N GLENWOOD,Chicago,IL,60660
243,5346 N GLENWOOD,Chicago,IL,60660
244,5350 N GLENWOOD,Chicago,IL,60660
245,5354 N GLENWOOD,Chicago,IL,60660
246,5356 N GLENWOOD,Chicago,IL,60660
247,1355 W BALMORAL,Chicago,IL,60660
248,5355 N GLENWOOD,Chicago,IL,60660
249,5351 N GLENWOOD,Chicago,IL,60660
250,5345 N GLENWOOD,Chicago,IL,60660
251,5345 N GLENWOOD,Chicago,IL,60660
252,5200 N WINTHROP,Chicago,IL,60660
253,5206 N WINTHROP,Chicago,IL,60660
254,5206 N WINTHROP,Chicago,IL,60660
255,5207 N WINTHROP,Chicago,IL,60660
256,5217 N WINTHROP,Chicago,IL,60660
257,5223 N WINTHROP,Chicago,IL,60660
258,5224 N WINTHROP,Chicago,IL,60660
259,5227 N WINTHROP,Chicago,IL,60660
260,5228 N WINTHROP,Chicago,IL,60660
261,5235 N WINTHROP,Chicago,IL,60660
262,5235 N WINTHROP,Chicago,IL,60660
263,5240 N WINTHROP,Chicago,IL,60660
264,5248 N WINTHROP,Chicago,IL,60660
265,5309 N WINTHROP,Chicago,IL,60660
266,5321 N WINTHROP,Chicago,IL,60660
267,5330 N WINTHROP,Chicago,IL,60660
268,5327 N WINTHROP,Chicago,IL,60660
269,5331 N WINTHROP,Chicago,IL,60660
270,5339 N WINTHROP,Chicago,IL,60660
271,5346 N WINTHROP,Chicago,IL,60660
272,5346 N WINTHROP,Chicago,IL,60660
273,5349 N WINTHROP,Chicago,IL,60660
274,5352 N WINTHROP,Chicago,IL,60660
275,5404 N WINTHROP,Chicago,IL,60660
276,5411 N WINTHROP,Chicago,IL,60660
277,5411 N WINTHROP,Chicago,IL,60660
278,5422 N WINTHROP,Chicago,IL,60660
279,5423 N WINTHROP,Chicago,IL,60660
280,5428 N WINTHROP,Chicago,IL,60660
281,5428 N WINTHROP,Chicago,IL,60660
282,5443 N WINTHROP,Chicago,IL,60660
283,5444 N WINTHROP,Chicago,IL,60660
284,5449 N WINTHROP,Chicago,IL,60660
285,5515 N WINTHROP,Chicago,IL,60660
286,5515 N WINTHROP,Chicago,IL,60660
287,5515 N WINTHROP,Chicago,IL,60660
288,5517 N WINTHROP,Chicago,IL,60660
289,5517 N WINTHROP,Chicago,IL,60660
290,5539 N WINTHROP,Chicago,IL,60660
291,5620 N WINTHROP,Chicago,IL,60660
292,5624 N WINTHROP,Chicago,IL,60660
293,5626 N WINTHROP,Chicago,IL,60660
294,5630 N WINTHROP,Chicago,IL,60660
295,5636 N WINTHROP,Chicago,IL,60660
296,5638 N WINTHROP,Chicago,IL,60660
297,5644 N WINTHROP,Chicago,IL,60660
298,5648 N WINTHROP,Chicago,IL,60660
299,5648 N WINTHROP,Chicago,IL,60660
300,5650 N WINTHROP,Chicago,IL,60660
301,5653 N WINTHROP,Chicago,IL,60660
302,5653 N WINTHROP,Chicago,IL,60660
303,5653 N WINTHROP,Chicago,IL,60660
304,5653 N WINTHROP,Chicago,IL,60660
305,1013 W BALMORAL,Chicago,IL,60660
306,1014 W BALMORAL,Chicago,IL,60660
307,1014 W BALMORAL,Chicago,IL,60660
308,1016 W BALMORAL,Chicago,IL,60660
309,1016 W BALMORAL,Chicago,IL,60660
310,1019 W BALMORAL,Chicago,IL,60660
311,1023 W BALMORAL,Chicago,IL,60660
312,1029 W BALMORAL,Chicago,IL,60660
313,1057 W BALMORAL,Chicago,IL,60660
314,1059 W BALMORAL,Chicago,IL,60660
315,1106 W BALMORAL,Chicago,IL,60660
316,1014 W BERWYN,Chicago,IL,60660
317,1016 W BERWYN,Chicago,IL,60660
318,1017 W BERWYN,Chicago,IL,60660
319,1023 W BERWYN,Chicago,IL,60660
320,1038 W BERWYN,Chicago,IL,60660
321,1044 W BERWYN,Chicago,IL,60660
322,1044 W BERWYN,Chicago,IL,60660
323,1050 W BERWYN,Chicago,IL,60660
324,1056 W BERWYN,Chicago,IL,60660
325,1057 W BERWYN,Chicago,IL,60660
326,5200 N KENMORE,Chicago,IL,60660
327,5202 N KENMORE,Chicago,IL,60660
328,5218 N KENMORE,Chicago,IL,60660
329,5220 N KENMORE,Chicago,IL,60660
330,5229 N KENMORE,Chicago,IL,60660
331,5240 N KENMORE,Chicago,IL,60660
332,5312 N KENMORE,Chicago,IL,60660
333,5312 N KENMORE,Chicago,IL,60660
334,5330 N KENMORE,Chicago,IL,60660
335,5330 N KENMORE,Chicago,IL,60660
336,5340 N KENMORE,Chicago,IL,60660
337,5350 N KENMORE,Chicago,IL,60660
338,5351 N KENMORE,Chicago,IL,60660
339,5354 N KENMORE,Chicago,IL,60660
340,5357 N KENMORE,Chicago,IL,60660
341,5401 N KENMORE,Chicago,IL,60660
342,5401 N KENMORE,Chicago,IL,60660
343,5402 N KENMORE,Chicago,IL,60660
344,26 E PEARSON,Chicago,IL,60660
345,5427 N KENMORE,Chicago,IL,60660
346,5430 N KENMORE,Chicago,IL,60660
347,5430 N KENMORE,Chicago,IL,60660
348,5439 N KENMORE,Chicago,IL,60660
349,5440 N KENMORE,Chicago,IL,60660
350,5445 N KENMORE,Chicago,IL,60660
351,5451 N KENMORE,Chicago,IL,60660
352,5458 N KENMORE,Chicago,IL,60660
353,5506 N KENMORE,Chicago,IL,60660
354,5510 N KENMORE,Chicago,IL,60660
355,5514 N KENMORE,Chicago,IL,60660
356,5516 N KENMORE,Chicago,IL,60660
357,5522 N KENMORE,Chicago,IL,60660
358,5522 N KENMORE,Chicago,IL,60660
359,5620 N KENMORE,Chicago,IL,60660
360,5620 N KENMORE,Chicago,IL,60660
361,5630 N KENMORE,Chicago,IL,60660
362,5630 N KENMORE,Chicago,IL,60660
363,5621 N KENMORE,Chicago,IL,60660
364,1101 W CATALPA,Chicago,IL,60660
365,1101 W CATALPA,Chicago,IL,60660
366,1104 W CATALPA,Chicago,IL,60660
367,1104 W CATALPA,Chicago,IL,60660
368,1104 W CATALPA,Chicago,IL,60660
369,1214 W GRANVILLE,Chicago,IL,60660
370,1218 W GRANVILLE,Chicago,IL,60660
371,1218 W GRANVILLE,Chicago,IL,60660
372,1221 W GRANVILLE,Chicago,IL,60660
373,1231 W GRANVILLE,Chicago,IL,60660
374,1234 W GRANVILLE,Chicago,IL,60660
375,1236 W GRANVILLE,Chicago,IL,60660
376,1248 W GRANVILLE,Chicago,IL,60660
377,1256 W GRANVILLE,Chicago,IL,60660
378,1306 W GRANVILLE,Chicago,IL,60660
379,1310 W GRANVILLE,Chicago,IL,60660
380,1316 W GRANVILLE,Chicago,IL,60660
381,1316 W GRANVILLE,Chicago,IL,60660
382,1335 W GRANVILLE,Chicago,IL,60660
383,1336 W GRANVILLE,Chicago,IL,60660
384,1340 W GRANVILLE,Chicago,IL,60660
385,1341 W GRANVILLE,Chicago,IL,60660
386,1343 W GRANVILLE,Chicago,IL,60660
387,1351 W GRANVILLE,Chicago,IL,60660
388,1352 W GRANVILLE,Chicago,IL,60660
389,1413 W GRANVILLE,Chicago,IL,60660
390,1419 W GRANVILLE,Chicago,IL,60660
391,1420 W GRANVILLE,Chicago,IL,60660
392,1433 W GRANVILLE,Chicago,IL,60660
393,1436 W GRANVILLE,Chicago,IL,60660
394,1443 W GRANVILLE,Chicago,IL,60660
395,1443 W GRANVILLE,Chicago,IL,60660
396,1444 W GRANVILLE,Chicago,IL,60660
397,1451 W GRANVILLE,Chicago,IL,60660
398,1456 W GRANVILLE,Chicago,IL,60660
399,1456 W GRANVILLE,Chicago,IL,60660
400,1505 W GRANVILLE,Chicago,IL,60660
401,1507 W GRANVILLE,Chicago,IL,60660
402,1517 W GRANVILLE,Chicago,IL,60660
403,1541 W GRANVILLE,Chicago,IL,60660
404,1218 W HOOD,Chicago,IL,60660
405,1227 W HOOD,Chicago,IL,60660
406,1230 W HOOD,Chicago,IL,60660
407,1234 W HOOD,Chicago,IL,60660
408,1239 W HOOD,Chicago,IL,60660
409,1249 W HOOD,Chicago,IL,60660
410,1250 W HOOD,Chicago,IL,60660
411,1265 W HOOD,Chicago,IL,60660
412,1267 W HOOD,Chicago,IL,60660
413,1301 W HOOD,Chicago,IL,60660
414,1322 W HOOD,Chicago,IL,60660
415,1325 W HOOD,Chicago,IL,60660
416,1336 W HOOD,Chicago,IL,60660
417,1343 W HOOD,Chicago,IL,60660
418,1347 W HOOD,Chicago,IL,60660
419,1347 W HOOD,Chicago,IL,60660
420,1350 W HOOD,Chicago,IL,60660
421,1415 W HOOD,Chicago,IL,60660
422,1421 W HOOD,Chicago,IL,60660
423,1424 W HOOD,Chicago,IL,60660
424,1442 W HOOD,Chicago,IL,60660
425,1446 W HOOD,Chicago,IL,60660
426,1454 W HOOD,Chicago,IL,60660
427,1458 W HOOD,Chicago,IL,60660
428,1500 W HOOD,Chicago,IL,60660
429,1501 W HOOD,Chicago,IL,60660
430,1505 W HOOD,Chicago,IL,60660
431,1506 W HOOD,Chicago,IL,60660
432,1507 W HOOD,Chicago,IL,60660
433,1518 W HOOD,Chicago,IL,60660
434,1525 W HOOD,Chicago,IL,60660
435,1528 W HOOD,Chicago,IL,60660
436,1529 W HOOD,Chicago,IL,60660
437,1535 W HOOD,Chicago,IL,60660
438,1219 W GLENLAKE,Chicago,IL,60660
439,1224 W GLENLAKE,Chicago,IL,60660
440,1234 W GLENLAKE,Chicago,IL,60660
441,1249 W GLENLAKE,Chicago,IL,60660
442,1261 W GLENLAKE,Chicago,IL,60660
443,1265 W GLENLAKE,Chicago,IL,60660
444,1265 W GLENLAKE,Chicago,IL,60660
445,1309 W GLENLAKE,Chicago,IL,60660
446,1318 W GLENLAKE,Chicago,IL,60660
447,1324 W GLENLAKE,Chicago,IL,60660
448,1348 W GLENLAKE,Chicago,IL,60660
449,1349 W GLENLAKE,Chicago,IL,60660
450,1353 W GLENLAKE,Chicago,IL,60660
451,1400 W GLENLAKE,Chicago,IL,60660
452,1401 W GLENLAKE,Chicago,IL,60660
453,1401 W GLENLAKE,Chicago,IL,60660
454,1401 W GLENLAKE,Chicago,IL,60660
455,1404 W GLENLAKE,Chicago,IL,60660
456,1407 W GLENLAKE,Chicago,IL,60660
457,1415 W GLENLAKE,Chicago,IL,60660
458,1417 W GLENLAKE,Chicago,IL,60660
459,1420 W GLENLAKE,Chicago,IL,60660
460,1424 W GLENLAKE,Chicago,IL,60660
461,1428 W GLENLAKE,Chicago,IL,60660
462,1429 W GLENLAKE,Chicago,IL,60660
463,1431 W GLENLAKE,Chicago,IL,60660
464,1432 W GLENLAKE,Chicago,IL,60660
465,1440 W GLENLAKE,Chicago,IL,60660
466,1441 W GLENLAKE,Chicago,IL,60660
467,1443 W GLENLAKE,Chicago,IL,60660
468,1445 W GLENLAKE,Chicago,IL,60660
469,1445 W GLENLAKE,Chicago,IL,60660
470,1448 W GLENLAKE,Chicago,IL,60660
471,1451 W GLENLAKE,Chicago,IL,60660
472,1459 W GLENLAKE,Chicago,IL,60660
473,1504 W GLENLAKE,Chicago,IL,60660
474,1519 W GLENLAKE,Chicago,IL,60660
475,1522 W GLENLAKE,Chicago,IL,60660
476,1529 W GLENLAKE,Chicago,IL,60660
477,1538 W GLENLAKE,Chicago,IL,60660
478,1541 W GLENLAKE,Chicago,IL,60660
479,1221 W NORWOOD,Chicago,IL,60660
480,1224 W NORWOOD,Chicago,IL,60660
481,1228 W NORWOOD,Chicago,IL,60660
482,1228 W NORWOOD,Chicago,IL,60660
483,1242 W NORWOOD,Chicago,IL,60660
484,1248 W NORWOOD,Chicago,IL,60660
485,1249 W NORWOOD,Chicago,IL,60660
486,1252 W NORWOOD,Chicago,IL,60660
487,1262 W NORWOOD,Chicago,IL,60660
488,1284 W NORWOOD,Chicago,IL,60660
489,1300 W NORWOOD,Chicago,IL,60660
490,1308 W NORWOOD,Chicago,IL,60660
491,1310 W NORWOOD,Chicago,IL,60660
492,1316 W NORWOOD,Chicago,IL,60660
493,1330 W NORWOOD,Chicago,IL,60660
494,1352 W NORWOOD,Chicago,IL,60660
495,1353 W NORWOOD,Chicago,IL,60660
496,1407 W NORWOOD,Chicago,IL,60660
497,1409 W NORWOOD,Chicago,IL,60660
498,1414 W NORWOOD,Chicago,IL,60660
499,1429 W NORWOOD,Chicago,IL,60660
500,1430 W NORWOOD,Chicago,IL,60660
501,1435 W NORWOOD,Chicago,IL,60660
502,1437 W NORWOOD,Chicago,IL,60660
503,1443 W NORWOOD,Chicago,IL,60660
504,1448 W NORWOOD,Chicago,IL,60660
505,1455 W NORWOOD,Chicago,IL,60660
506,1500 W NORWOOD,Chicago,IL,60660
507,1504 W NORWOOD,Chicago,IL,60660
508,1509 W NORWOOD,Chicago,IL,60660
509,1512 W NORWOOD,Chicago,IL,60660
510,1519 W NORWOOD,Chicago,IL,60660
511,1523 W NORWOOD,Chicago,IL,60660
512,1534 W NORWOOD,Chicago,IL,60660
513,1537 W NORWOOD,Chicago,IL,60660
514,1543 W NORWOOD,Chicago,IL,60660
515,6145 N LAKEWOOD,Chicago,IL,60660
516,6157 N LAKEWOOD,Chicago,IL,60660
517,6103 N GLENWOOD,Chicago,IL,60660
518,6100 N GREENVIEW,Chicago,IL,60660
519,6102 N GREENVIEW,Chicago,IL,60660
520,6113 N GREENVIEW,Chicago,IL,60660
521,6035 N GREENVIEW,Chicago,IL,60660
522,6036 N GREENVIEW,Chicago,IL,60660
523,6075 N GREENVIEW,Chicago,IL,60660
524,6075 N GREENVIEW,Chicago,IL,60660
525,6076 N GREENVIEW,Chicago,IL,60660
526,6036 N GLENWOOD,Chicago,IL,60660
527,6036 N GLENWOOD,Chicago,IL,60660
528,1401 W GLENLAKE,Chicago,IL,60660
529,1401 W GLENLAKE,Chicago,IL,60660
530,6104 N GLENWOOD,Chicago,IL,60660
531,6106 N GLENWOOD,Chicago,IL,60660
532,6110 N GLENWOOD,Chicago,IL,60660
533,1357 W HOOD,Chicago,IL,60660
534,1401 W HOOD,Chicago,IL,60660
535,1400 W HOOD,Chicago,IL,60660
536,6143 N GLENWOOD,Chicago,IL,60660
537,1355 W GRANVILLE,Chicago,IL,60660
538,26 E PEARSON,Chicago,IL,60660
539,26 E PEARSON,Chicago,IL,60660
540,1414 W HIGHLAND,Chicago,IL,60660
541,1422 W HIGHLAND,Chicago,IL,60660
542,1428 W HIGHLAND,Chicago,IL,60660
543,1432 W HIGHLAND,Chicago,IL,60660
544,1438 W HIGHLAND,Chicago,IL,60660
545,1442 W HIGHLAND,Chicago,IL,60660
546,1448 W HIGHLAND,Chicago,IL,60660
547,1456 W HIGHLAND,Chicago,IL,60660
548,1458 W HIGHLAND,Chicago,IL,60660
549,1500 W HIGHLAND,Chicago,IL,60660
550,1502 W HIGHLAND,Chicago,IL,60660
551,1508 W HIGHLAND,Chicago,IL,60660
552,1510 W HIGHLAND,Chicago,IL,60660
553,1512 W HIGHLAND,Chicago,IL,60660
554,1516 W HIGHLAND,Chicago,IL,60660
555,1520 W HIGHLAND,Chicago,IL,60660
556,1526 W HIGHLAND,Chicago,IL,60660
557,1401 W HIGHLAND,Chicago,IL,60660
558,1421 W HIGHLAND,Chicago,IL,60660
559,1425 W HIGHLAND,Chicago,IL,60660
560,1427 W HIGHLAND,Chicago,IL,60660
561,1437 W HIGHLAND,Chicago,IL,60660
562,1443 W HIGHLAND,Chicago,IL,60660
563,1447 W HIGHLAND,Chicago,IL,60660
564,1449 W HIGHLAND,Chicago,IL,60660
565,26 E PEARSON,Chicago,IL,60660
566,1501 W HIGHLAND,Chicago,IL,60660
567,1519 W HIGHLAND,Chicago,IL,60660
568,1531 W HIGHLAND,Chicago,IL,60660
569,1533 W HIGHLAND,Chicago,IL,60660
570,1535 W HIGHLAND,Chicago,IL,60660
571,1539 W HIGHLAND,Chicago,IL,60660
572,1547 W HIGHLAND,Chicago,IL,60660
573,1532 W HIGHLAND,Chicago,IL,60660
574,1536 W HIGHLAND,Chicago,IL,60660
575,1540 W HIGHLAND,Chicago,IL,60660
576,1542 W HIGHLAND,Chicago,IL,60660
577,1550 W HIGHLAND,Chicago,IL,60660
578,26 E PEARSON,Chicago,IL,60660
579,1248 W ROSEMONT,Chicago,IL,60660
580,1302 W ROSEMONT,Chicago,IL,60660
581,1306 W ROSEMONT,Chicago,IL,60660
582,1308 W ROSEMONT,Chicago,IL,60660
583,1316 W ROSEMONT,Chicago,IL,60660
584,1320 W ROSEMONT,Chicago,IL,60660
585,1322 W ROSEMONT,Chicago,IL,60660
586,1324 W ROSEMONT,Chicago,IL,60660
587,1326 W ROSEMONT,Chicago,IL,60660
588,1400 W ROSEMONT,Chicago,IL,60660
589,1408 W ROSEMONT,Chicago,IL,60660
590,1416 W ROSEMONT,Chicago,IL,60660
591,1424 W ROSEMONT,Chicago,IL,60660
592,1426 W ROSEMONT,Chicago,IL,60660
593,1434 W ROSEMONT,Chicago,IL,60660
594,1436 W ROSEMONT,Chicago,IL,60660
595,1438 W ROSEMONT,Chicago,IL,60660
596,1440 W ROSEMONT,Chicago,IL,60660
597,1454 W ROSEMONT,Chicago,IL,60660
598,1500 W ROSEMONT,Chicago,IL,60660
599,1502 W ROSEMONT,Chicago,IL,60660
600,1506 W ROSEMONT,Chicago,IL,60660
601,1510 W ROSEMONT,Chicago,IL,60660
602,1520 W ROSEMONT,Chicago,IL,60660
603,1534 W ROSEMONT,Chicago,IL,60660
604,1536 W ROSEMONT,Chicago,IL,60660
605,1555 W ROSEMONT,Chicago,IL,60660
606,1531 W ROSEMONT,Chicago,IL,60660
607,1517 W ROSEMONT,Chicago,IL,60660
608,1501 W ROSEMONT,Chicago,IL,60660
609,1457 W ROSEMONT,Chicago,IL,60660
610,1453 W ROSEMONT,Chicago,IL,60660
611,1443 W ROSEMONT,Chicago,IL,60660
612,1441 W ROSEMONT,Chicago,IL,60660
613,1431 W ROSEMONT,Chicago,IL,60660
614,1427 W ROSEMONT,Chicago,IL,60660
615,1421 W ROSEMONT,Chicago,IL,60660
616,1417 W ROSEMONT,Chicago,IL,60660
617,26 E PEARSON,Chicago,IL,60660
618,1401 W ROSEMONT,Chicago,IL,60660
619,1311 W ROSEMONT,Chicago,IL,60660
620,26 E PEARSON,Chicago,IL,60660
621,1243 W ROSEMONT,Chicago,IL,60660
622,1241 W ROSEMONT,Chicago,IL,60660
623,1414 W THOME,Chicago,IL,60660
624,1420 W THOME,Chicago,IL,60660
625,1424 W THOME,Chicago,IL,60660
626,1430 W THOME,Chicago,IL,60660
627,1434 W THOME,Chicago,IL,60660
628,1440 W THOME,Chicago,IL,60660
629,1452 W THOME,Chicago,IL,60660
630,26 E PEARSON,Chicago,IL,60660
631,1518 W THOME,Chicago,IL,60660
632,1520 W THOME,Chicago,IL,60660
633,1522 W THOME,Chicago,IL,60660
634,1532 W THOME,Chicago,IL,60660
635,1536 W THOME,Chicago,IL,60660
636,1540 W THOME,Chicago,IL,60660
637,1542 W THOME,Chicago,IL,60660
638,26 E PEARSON,Chicago,IL,60660
639,1417 W THOME,Chicago,IL,60660
640,1423 W THOME,Chicago,IL,60660
641,1427 W THOME,Chicago,IL,60660
642,1433 W THOME,Chicago,IL,60660
643,1439 W THOME,Chicago,IL,60660
644,1441 W THOME,Chicago,IL,60660
645,1447 W THOME,Chicago,IL,60660
646,1509 W THOME,Chicago,IL,60660
647,1509 W THOME,Chicago,IL,60660
648,1509 W THOME,Chicago,IL,60660
649,1509 W THOME,Chicago,IL,60660
650,1509 W THOME,Chicago,IL,60660
651,6246 N GREENVIEW,Chicago,IL,60660
652,6258 N GREENVIEW,Chicago,IL,60660
653,6260 N GREENVIEW,Chicago,IL,60660
654,26 E PEARSON,Chicago,IL,60660
655,26 E PEARSON,Chicago,IL,60660
656,26 E PEARSON,Chicago,IL,60660
657,26 E PEARSON,Chicago,IL,60660
658,26 E PEARSON,Chicago,IL,60660
659,26 E PEARSON,Chicago,IL,60660
660,26 E PEARSON,Chicago,IL,60660
661,26 E PEARSON,Chicago,IL,60660
662,26 E PEARSON,Chicago,IL,60660
663,26 E PEARSON,Chicago,IL,60660
664,26 E PEARSON,Chicago,IL,60660
665,26 E PEARSON,Chicago,IL,60660
666,26 E PEARSON,Chicago,IL,60660
667,26 E PEARSON,Chicago,IL,60660
668,26 E PEARSON,Chicago,IL,60660
669,26 E PEARSON,Chicago,IL,60660
670,26 E PEARSON,Chicago,IL,60660
671,26 E PEARSON,Chicago,IL,60660
672,26 E PEARSON,Chicago,IL,60660
673,26 E PEARSON,Chicago,IL,60660
674,6244 N GLENWOOD,Chicago,IL,60660
675,6254 N GLENWOOD,Chicago,IL,60660
676,6256 N GLENWOOD,Chicago,IL,60660
677,6302 N GLENWOOD,Chicago,IL,60660
678,6312 N GLENWOOD,Chicago,IL,60660
679,6316 N GLENWOOD,Chicago,IL,60660
680,26 E PEARSON,Chicago,IL,60660
681,26 E PEARSON,Chicago,IL,60660
682,6322 N GLENWOOD,Chicago,IL,60660
683,6322 N GLENWOOD,Chicago,IL,60660
684,6336 N GLENWOOD,Chicago,IL,60660
685,6340 N GLENWOOD,Chicago,IL,60660
686,6342 N GLENWOOD,Chicago,IL,60660
687,6215 N GLENWOOD,Chicago,IL,60660
688,6221 N GLENWOOD,Chicago,IL,60660
689,6239 N GLENWOOD,Chicago,IL,60660
690,6247 N GLENWOOD,Chicago,IL,60660
691,6249 N GLENWOOD,Chicago,IL,60660
692,6253 N GLENWOOD,Chicago,IL,60660
693,26 E PEARSON,Chicago,IL,60660
694,26 E PEARSON,Chicago,IL,60660
695,6305 N GLENWOOD,Chicago,IL,60660
696,6311 N GLENWOOD,Chicago,IL,60660
697,6315 N GLENWOOD,Chicago,IL,60660
698,6317 N GLENWOOD,Chicago,IL,60660
699,6321 N GLENWOOD,Chicago,IL,60660
700,6337 N GLENWOOD,Chicago,IL,60660
701,6339 N GLENWOOD,Chicago,IL,60660
702,6341 N GLENWOOD,Chicago,IL,60660
703,6351 N GLENWOOD,Chicago,IL,60660
704,6353 N GLENWOOD,Chicago,IL,60660
705,6206 N WAYNE,Chicago,IL,60660
706,6220 N WAYNE,Chicago,IL,60660
707,6222 N WAYNE,Chicago,IL,60660
708,6230 N WAYNE,Chicago,IL,60660
709,6236 N WAYNE,Chicago,IL,60660
710,6236 N WAYNE,Chicago,IL,60660
711,6246 N WAYNE,Chicago,IL,60660
712,6248 N WAYNE,Chicago,IL,60660
713,6250 N WAYNE,Chicago,IL,60660
714,6256 N WAYNE,Chicago,IL,60660
715,6304 N WAYNE,Chicago,IL,60660
716,6306 N WAYNE,Chicago,IL,60660
717,6312 N WAYNE,Chicago,IL,60660
718,6316 N WAYNE,Chicago,IL,60660
719,6322 N WAYNE,Chicago,IL,60660
720,6330 N WAYNE,Chicago,IL,60660
721,6334 N WAYNE,Chicago,IL,60660
722,6342 N WAYNE,Chicago,IL,60660
723,6201 N WAYNE,Chicago,IL,60660
724,6215 N WAYNE,Chicago,IL,60660
725,6219 N WAYNE,Chicago,IL,60660
726,6221 N WAYNE,Chicago,IL,60660
727,6233 N WAYNE,Chicago,IL,60660
728,6237 N WAYNE,Chicago,IL,60660
729,6237 N WAYNE,Chicago,IL,60660
730,6247 N WAYNE,Chicago,IL,60660
731,6247 N WAYNE,Chicago,IL,60660
732,6257 N WAYNE,Chicago,IL,60660
733,6257 N WAYNE,Chicago,IL,60660
734,6301 N WAYNE,Chicago,IL,60660
735,6303 N WAYNE,Chicago,IL,60660
736,6311 N WAYNE,Chicago,IL,60660
737,6313 N WAYNE,Chicago,IL,60660
738,6331 N WAYNE,Chicago,IL,60660
739,6333 N WAYNE,Chicago,IL,60660
740,6343 N WAYNE,Chicago,IL,60660
741,6202 N LAKEWOOD,Chicago,IL,60660
742,6214 N LAKEWOOD,Chicago,IL,60660
743,6218 N LAKEWOOD,Chicago,IL,60660
744,6222 N LAKEWOOD,Chicago,IL,60660
745,6222 N LAKEWOOD,Chicago,IL,60660
746,6226 N LAKEWOOD,Chicago,IL,60660
747,6240 N LAKEWOOD,Chicago,IL,60660
748,6242 N LAKEWOOD,Chicago,IL,60660
749,6248 N LAKEWOOD,Chicago,IL,60660
750,6250 N LAKEWOOD,Chicago,IL,60660
751,6252 N LAKEWOOD,Chicago,IL,60660
752,6256 N LAKEWOOD,Chicago,IL,60660
753,6306 N LAKEWOOD,Chicago,IL,60660
754,6308 N LAKEWOOD,Chicago,IL,60660
755,6212 N LAKEWOOD,Chicago,IL,60660
756,6314 N LAKEWOOD,Chicago,IL,60660
757,6320 N LAKEWOOD,Chicago,IL,60660
758,6322 N LAKEWOOD,Chicago,IL,60660
759,6326 N LAKEWOOD,Chicago,IL,60660
760,6330 N LAKEWOOD,Chicago,IL,60660
761,6338 N LAKEWOOD,Chicago,IL,60660
762,26 E PEARSON,Chicago,IL,60660
763,26 E PEARSON,Chicago,IL,60660
764,6344 N LAKEWOOD,Chicago,IL,60660
765,26 E PEARSON,Chicago,IL,60660
766,26 E PEARSON,Chicago,IL,60660
767,6217 N LAKEWOOD,Chicago,IL,60660
768,6221 N LAKEWOOD,Chicago,IL,60660
769,6223 N LAKEWOOD,Chicago,IL,60660
770,6227 N LAKEWOOD,Chicago,IL,60660
771,6231 N LAKEWOOD,Chicago,IL,60660
772,6237 N LAKEWOOD,Chicago,IL,60660
773,6241 N LAKEWOOD,Chicago,IL,60660
774,6247 N LAKEWOOD,Chicago,IL,60660
775,6253 N LAKEWOOD,Chicago,IL,60660
776,6307 N LAKEWOOD,Chicago,IL,60660
777,6315 N LAKEWOOD,Chicago,IL,60660
778,6319 N LAKEWOOD,Chicago,IL,60660
779,6321 N LAKEWOOD,Chicago,IL,60660
780,6325 N LAKEWOOD,Chicago,IL,60660
781,6331 N LAKEWOOD,Chicago,IL,60660
782,6333 N LAKEWOOD,Chicago,IL,60660
783,6335 N LAKEWOOD,Chicago,IL,60660
784,6337 N LAKEWOOD,Chicago,IL,60660
785,6343 N LAKEWOOD,Chicago,IL,60660
786,6347 N LAKEWOOD,Chicago,IL,60660
787,6218 N MAGNOLIA,Chicago,IL,60660
788,6220 N MAGNOLIA,Chicago,IL,60660
789,6232 N MAGNOLIA,Chicago,IL,60660
790,6236 N MAGNOLIA,Chicago,IL,60660
791,6238 N MAGNOLIA,Chicago,IL,60660
792,6240 N MAGNOLIA,Chicago,IL,60660
793,6310 N MAGNOLIA,Chicago,IL,60660
794,6312 N MAGNOLIA,Chicago,IL,60660
795,6322 N MAGNOLIA,Chicago,IL,60660
796,6324 N MAGNOLIA,Chicago,IL,60660
797,6328 N MAGNOLIA,Chicago,IL,60660
798,6334 N MAGNOLIA,Chicago,IL,60660
799,6336 N MAGNOLIA,Chicago,IL,60660
800,6340 N MAGNOLIA,Chicago,IL,60660
801,6342 N MAGNOLIA,Chicago,IL,60660
802,6219 N MAGNOLIA,Chicago,IL,60660
803,6221 N MAGNOLIA,Chicago,IL,60660
804,6231 N MAGNOLIA,Chicago,IL,60660
805,6237 N MAGNOLIA,Chicago,IL,60660
806,6243 N MAGNOLIA,Chicago,IL,60660
807,6309 N MAGNOLIA,Chicago,IL,60660
808,6313 N MAGNOLIA,Chicago,IL,60660
809,6315 N MAGNOLIA,Chicago,IL,60660
810,6323 N MAGNOLIA,Chicago,IL,60660
811,6331 N MAGNOLIA,Chicago,IL,60660
812,1214 W GRANVILLE,Chicago,IL,60660
813,1218 W GRANVILLE,Chicago,IL,60660
814,26 E PEARSON,Chicago,IL,60660
815,1240 W GRANVILLE,Chicago,IL,60660
816,1248 W GRANVILLE,Chicago,IL,60660
817,1256 W GRANVILLE,Chicago,IL,60660
818,1310 W GRANVILLE,Chicago,IL,60660
819,1310 W GRANVILLE,Chicago,IL,60660
820,1316 W GRANVILLE,Chicago,IL,60660
821,26 E PEARSON,Chicago,IL,60660
822,1336 W GRANVILLE,Chicago,IL,60660
823,1340 W GRANVILLE,Chicago,IL,60660
824,1346 W GRANVILLE,Chicago,IL,60660
825,1350 W GRANVILLE,Chicago,IL,60660
826,1352 W GRANVILLE,Chicago,IL,60660
827,1356 W GRANVILLE,Chicago,IL,60660
828,26 E PEARSON,Chicago,IL,60660
829,1404 W GRANVILLE,Chicago,IL,60660
830,1420 W GRANVILLE,Chicago,IL,60660
831,1424 W GRANVILLE,Chicago,IL,60660
832,1426 W GRANVILLE,Chicago,IL,60660
833,1430 W GRANVILLE,Chicago,IL,60660
834,1432 W GRANVILLE,Chicago,IL,60660
835,1436 W GRANVILLE,Chicago,IL,60660
836,1444 W GRANVILLE,Chicago,IL,60660
837,1450 W GRANVILLE,Chicago,IL,60660
838,1452 W GRANVILLE,Chicago,IL,60660
839,1456 W GRANVILLE,Chicago,IL,60660
840,1456 W GRANVILLE,Chicago,IL,60660
841,1510 W GRANVILLE,Chicago,IL,60660
842,1520 W GRANVILLE,Chicago,IL,60660
843,1524 W GRANVILLE,Chicago,IL,60660
844,1526 W GRANVILLE,Chicago,IL,60660
845,26 E PEARSON,Chicago,IL,60660
846,26 E PEARSON,Chicago,IL,60660
847,6309 N CLARK,Chicago,IL,60660
848,6339 N CLARK,Chicago,IL,60660
849,26 E PEARSON,Chicago,IL,60660
850,26 E PEARSON,Chicago,IL,60660
851,26 E PEARSON,Chicago,IL,60660
852,26 E PEARSON,Chicago,IL,60660
853,1244 W BRYN MAWR,Chicago,IL,60660
854,1260 W BRYN MAWR,Chicago,IL,60660
855,1300 W BRYN MAWR,Chicago,IL,60660
856,26 E PEARSON,Chicago,IL,60660
857,1304 W BRYN MAWR,Chicago,IL,60660
858,1310 W BRYN MAWR,Chicago,IL,60660
859,1332 W BRYN MAWR,Chicago,IL,60660
860,26 E PEARSON,Chicago,IL,60660
861,1354 W BRYN MAWR,Chicago,IL,60660
862,1412 W BRYN MAWR,Chicago,IL,60660
863,1416 W BRYN MAWR,Chicago,IL,60660
864,1420 W BRYN MAWR,Chicago,IL,60660
865,1422 W BRYN MAWR,Chicago,IL,60660
866,26 E PEARSON,Chicago,IL,60660
867,1446 W BRYN MAWR,Chicago,IL,60660
868,1448 W BRYN MAWR,Chicago,IL,60660
869,1454 W BRYN MAWR,Chicago,IL,60660
870,1458 W BRYN MAWR,Chicago,IL,60660
871,1502 W BRYN MAWR,Chicago,IL,60660
872,26 E PEARSON,Chicago,IL,60660
873,1416 W OLIVE,Chicago,IL,60660
874,1416 W OLIVE,Chicago,IL,60660
875,1440 W OLIVE,Chicago,IL,60660
876,1448 W OLIVE,Chicago,IL,60660
877,1450 W OLIVE,Chicago,IL,60660
878,1464 W OLIVE,Chicago,IL,60660
879,1504 W OLIVE,Chicago,IL,60660
880,1512 W OLIVE,Chicago,IL,60660
881,1520 W OLIVE,Chicago,IL,60660
882,1519 W OLIVE,Chicago,IL,60660
883,1505 W OLIVE,Chicago,IL,60660
884,1461 W OLIVE,Chicago,IL,60660
885,1453 W OLIVE,Chicago,IL,60660
886,1447 W OLIVE,Chicago,IL,60660
887,1419 W OLIVE,Chicago,IL,60660
888,1415 W OLIVE,Chicago,IL,60660
889,1437 W HOLLYWOOD,Chicago,IL,60660
890,1431 W HOLLYWOOD,Chicago,IL,60660
891,1429 W HOLLYWOOD,Chicago,IL,60660
892,1425 W HOLLYWOOD,Chicago,IL,60660
893,1423 W HOLLYWOOD,Chicago,IL,60660
894,1419 W HOLLYWOOD,Chicago,IL,60660
895,1411 W HOLLYWOOD,Chicago,IL,60660
896,1407 W HOLLYWOOD,Chicago,IL,60660
897,1401 W HOLLYWOOD,Chicago,IL,60660
898,1343 W HOLLYWOOD,Chicago,IL,60660
899,1341 W HOLLYWOOD,Chicago,IL,60660
900,1331 W HOLLYWOOD,Chicago,IL,60660
901,1321 W HOLLYWOOD,Chicago,IL,60660
902,1315 W HOLLYWOOD,Chicago,IL,60660
903,1316 W HOLLYWOOD,Chicago,IL,60660
904,1318 W HOLLYWOOD,Chicago,IL,60660
905,1320 W HOLLYWOOD,Chicago,IL,60660
906,26 E PEARSON,Chicago,IL,60660
907,1338 W HOLLYWOOD,Chicago,IL,60660
908,1340 W HOLLYWOOD,Chicago,IL,60660
909,1404 W HOLLYWOOD,Chicago,IL,60660
910,1420 W HOLLYWOOD,Chicago,IL,60660
911,1436 W HOLLYWOOD,Chicago,IL,60660
912,1438 W HOLLYWOOD,Chicago,IL,60660
913,1438 W HOLLYWOOD,Chicago,IL,60660
914,1444 W HOLLYWOOD,Chicago,IL,60660
915,1448 W HOLLYWOOD,Chicago,IL,60660
916,1454 W HOLLYWOOD,Chicago,IL,60660
917,26 E PEARSON,Chicago,IL,60660
918,1500 W HOLLYWOOD,Chicago,IL,60660
919,1506 W HOLLYWOOD,Chicago,IL,60660
920,1512 W HOLLYWOOD,Chicago,IL,60660
921,1520 W HOLLYWOOD,Chicago,IL,60660
922,1522 W HOLLYWOOD,Chicago,IL,60660
923,1525 W HOLLYWOOD,Chicago,IL,60660
924,1517 W HOLLYWOOD,Chicago,IL,60660
925,26 E PEARSON,Chicago,IL,60660
926,1501 W HOLLYWOOD,Chicago,IL,60660
927,1465 W HOLLYWOOD,Chicago,IL,60660
928,1459 W HOLLYWOOD,Chicago,IL,60660
929,1455 W HOLLYWOOD,Chicago,IL,60660
930,1443 W HOLLYWOOD,Chicago,IL,60660
931,1441 W HOLLYWOOD,Chicago,IL,60660
932,1400 W EDGEWATER,Chicago,IL,60660
933,1404 W EDGEWATER,Chicago,IL,60660
934,1416 W EDGEWATER,Chicago,IL,60660
935,1420 W EDGEWATER,Chicago,IL,60660
936,1422 W EDGEWATER,Chicago,IL,60660
937,1426 W EDGEWATER,Chicago,IL,60660
938,1430 W EDGEWATER,Chicago,IL,60660
939,1440 W EDGEWATER,Chicago,IL,60660
940,1442 W EDGEWATER,Chicago,IL,60660
941,1448 W EDGEWATER,Chicago,IL,60660
942,1452 W EDGEWATER,Chicago,IL,60660
943,1458 W EDGEWATER,Chicago,IL,60660
944,1420 W EDGEWATER,Chicago,IL,60660
945,1422 W EDGEWATER,Chicago,IL,60660
946,1426 W EDGEWATER,Chicago,IL,60660
947,1430 W EDGEWATER,Chicago,IL,60660
948,1440 W EDGEWATER,Chicago,IL,60660
949,1442 W EDGEWATER,Chicago,IL,60660
950,1448 W EDGEWATER,Chicago,IL,60660
951,1452 W EDGEWATER,Chicago,IL,60660
952,1458 W EDGEWATER,Chicago,IL,60660
953,1462 W EDGEWATER,Chicago,IL,60660
954,1500 W EDGEWATER,Chicago,IL,60660
955,1502 W EDGEWATER,Chicago,IL,60660
956,1514 W EDGEWATER,Chicago,IL,60660
957,1516 W EDGEWATER,Chicago,IL,60660
958,1556 W EDGEWATER,Chicago,IL,60660
959,1560 W EDGEWATER,Chicago,IL,60660
960,1525 W EDGEWATER,Chicago,IL,60660
961,1523 W EDGEWATER,Chicago,IL,60660
962,1511 W EDGEWATER,Chicago,IL,60660
963,1509 W EDGEWATER,Chicago,IL,60660
964,1507 W EDGEWATER,Chicago,IL,60660
965,1501 W EDGEWATER,Chicago,IL,60660
966,1457 W EDGEWATER,Chicago,IL,60660
967,1449 W EDGEWATER,Chicago,IL,60660
968,1447 W EDGEWATER,Chicago,IL,60660
969,1439 W EDGEWATER,Chicago,IL,60660
970,1437 W EDGEWATER,Chicago,IL,60660
971,1435 W EDGEWATER,Chicago,IL,60660
972,1433 W EDGEWATER,Chicago,IL,60660
973,1431 W EDGEWATER,Chicago,IL,60660
974,1423 W EDGEWATER,Chicago,IL,60660
975,1421 W EDGEWATER,Chicago,IL,60660
976,1419 W EDGEWATER,Chicago,IL,60660
977,1415 W EDGEWATER,Chicago,IL,60660
978,1405 W EDGEWATER,Chicago,IL,60660
979,1436 W VICTORIA,Chicago,IL,60660
980,1442 W VICTORIA,Chicago,IL,60660
981,1454 W VICTORIA,Chicago,IL,60660
982,1458 W VICTORIA,Chicago,IL,60660
983,1462 W VICTORIA,Chicago,IL,60660
984,26 E PEARSON,Chicago,IL,60660
985,1504 W VICTORIA,Chicago,IL,60660
986,1512 W VICTORIA,Chicago,IL,60660
987,1522 W VICTORIA,Chicago,IL,60660
988,1532 W VICTORIA,Chicago,IL,60660
989,1536 W VICTORIA,Chicago,IL,60660
990,1544 W VICTORIA,Chicago,IL,60660
991,1552 W VICTORIA,Chicago,IL,60660
992,1531 W VICTORIA,Chicago,IL,60660
993,1529 W VICTORIA,Chicago,IL,60660
994,1523 W VICTORIA,Chicago,IL,60660
995,1513 W VICTORIA,Chicago,IL,60660
996,1505 W VICTORIA,Chicago,IL,60660
997,1503 W VICTORIA,Chicago,IL,60660
998,1463 W VICTORIA,Chicago,IL,60660
999,1461 W VICTORIA,Chicago,IL,60660
1000,1453 W VICTORIA,Chicago,IL,60660
1001,1451 W VICTORIA,Chicago,IL,60660
1002,1447 W VICTORIA,Chicago,IL,60660
1003,1445 W VICTORIA,Chicago,IL,60660
1004,1439 W VICTORIA,Chicago,IL,60660
1005,1433 W VICTORIA,Chicago,IL,60660
1006,1431 W VICTORIA,Chicago,IL,60660
1007,1429 W VICTORIA,Chicago,IL,60660
1008,1516 W ARDMORE,Chicago,IL,60660
1009,1526 W ARDMORE,Chicago,IL,60660
1010,1544 W ARDMORE,Chicago,IL,60660
1011,1537 W ARDMORE,Chicago,IL,60660
1012,1531 W ARDMORE,Chicago,IL,60660
1013,1529 W ARDMORE,Chicago,IL,60660
1014,1517 W ARDMORE,Chicago,IL,60660
1015,1515 W ARDMORE,Chicago,IL,60660
1016,1507 W ARDMORE,Chicago,IL,60660
1017,1503 W ARDMORE,Chicago,IL,60660
1018,1501 W ARDMORE,Chicago,IL,60660
1019,5718 N GLENWOOD,Chicago,IL,60660
1020,5708 N GLENWOOD,Chicago,IL,60660
1021,26 E PEARSON,Chicago,IL,60660
1022,5704 N GLENWOOD,Chicago,IL,60660
1023,5644 N GLENWOOD,Chicago,IL,60660
1024,5636 N GLENWOOD,Chicago,IL,60660
1025,5630 N GLENWOOD,Chicago,IL,60660
1026,5620 N GLENWOOD,Chicago,IL,60660
1027,5618 N GLENWOOD,Chicago,IL,60660
1028,5609 N GLENWOOD,Chicago,IL,60660
1029,5621 N GLENWOOD,Chicago,IL,60660
1030,5637 N GLENWOOD,Chicago,IL,60660
1031,5645 N GLENWOOD,Chicago,IL,60660
1032,5647 N GLENWOOD,Chicago,IL,60660
1033,5651 N GLENWOOD,Chicago,IL,60660
1034,5655 N GLENWOOD,Chicago,IL,60660
1035,5709 N GLENWOOD,Chicago,IL,60660
1036,5711 N GLENWOOD,Chicago,IL,60660
1037,26 E PEARSON,Chicago,IL,60660
1038,26 E PEARSON,Chicago,IL,60660
1039,5702 N WAYNE,Chicago,IL,60660
1040,5654 N WAYNE,Chicago,IL,60660
1041,26 E PEARSON,Chicago,IL,60660
1042,26 E PEARSON,Chicago,IL,60660
1043,5642 N WAYNE,Chicago,IL,60660
1044,5634 N WAYNE,Chicago,IL,60660
1045,5632 N WAYNE,Chicago,IL,60660
1046,5622 N WAYNE,Chicago,IL,60660
1047,5620 N WAYNE,Chicago,IL,60660
1048,5614 N WAYNE,Chicago,IL,60660
1049,26 E PEARSON,Chicago,IL,60660
1050,5610 N WAYNE,Chicago,IL,60660
1051,5619 N WAYNE,Chicago,IL,60660
1052,5621 N WAYNE,Chicago,IL,60660
1053,5627 N WAYNE,Chicago,IL,60660
1054,5629 N WAYNE,Chicago,IL,60660
1055,5643 N WAYNE,Chicago,IL,60660
1056,5657 N WAYNE,Chicago,IL,60660
1057,5772 N RIDGE,Chicago,IL,60660
1058,1318 W CATALPA,Chicago,IL,60660
1059,1318 W CATALPA,Chicago,IL,60660
1060,5507 N WAYNE,Chicago,IL,60660
1061,5515 N WAYNE,Chicago,IL,60660
1062,5517 N WAYNE,Chicago,IL,60660
1063,5521 N WAYNE,Chicago,IL,60660
1064,5527 N WAYNE,Chicago,IL,60660
1065,5531 N WAYNE,Chicago,IL,60660
1066,5539 N WAYNE,Chicago,IL,60660
1067,5539 N WAYNE,Chicago,IL,60660
1068,5545 N WAYNE,Chicago,IL,60660
1069,5553 N WAYNE,Chicago,IL,60660
1070,5557 N WAYNE,Chicago,IL,60660
1071,5556 N WAYNE,Chicago,IL,60660
1072,5534 N WAYNE,Chicago,IL,60660
1073,5530 N WAYNE,Chicago,IL,60660
1074,5526 N WAYNE,Chicago,IL,60660
1075,5518 N WAYNE,Chicago,IL,60660
1076,5510 N WAYNE,Chicago,IL,60660
1077,26 E PEARSON,Chicago,IL,60660
1078,26 E PEARSON,Chicago,IL,60660
1079,5507 N LAKEWOOD,Chicago,IL,60660
1080,5511 N LAKEWOOD,Chicago,IL,60660
1081,5521 N LAKEWOOD,Chicago,IL,60660
1082,5525 N LAKEWOOD,Chicago,IL,60660
1083,5535 N LAKEWOOD,Chicago,IL,60660
1084,5539 N LAKEWOOD,Chicago,IL,60660
1085,5539 N LAKEWOOD,Chicago,IL,60660
1086,5543 N LAKEWOOD,Chicago,IL,60660
1087,5553 N LAKEWOOD,Chicago,IL,60660
1088,5559 N LAKEWOOD,Chicago,IL,60660
1089,26 E PEARSON,Chicago,IL,60660
1090,1255 W BRYN MAWR,Chicago,IL,60660
1091,1253 W BRYN MAWR,Chicago,IL,60660
1092,5560 N LAKEWOOD,Chicago,IL,60660
1093,5548 N LAKEWOOD,Chicago,IL,60660
1094,5542 N LAKEWOOD,Chicago,IL,60660
1095,5538 N LAKEWOOD,Chicago,IL,60660
1096,5538 N LAKEWOOD,Chicago,IL,60660
1097,5536 N LAKEWOOD,Chicago,IL,60660
1098,5526 N LAKEWOOD,Chicago,IL,60660
1099,5526 N LAKEWOOD,Chicago,IL,60660
1100,5518 N LAKEWOOD,Chicago,IL,60660
1101,5516 N LAKEWOOD,Chicago,IL,60660
1102,5510 N LAKEWOOD,Chicago,IL,60660
1103,5507 N LAKEWOOD,Chicago,IL,60660
1104,26 E PEARSON,Chicago,IL,60660
1105,1255 W CATALPA,Chicago,IL,60660
1106,1252 W CATALPA,Chicago,IL,60660
1107,1248 W CATALPA,Chicago,IL,60660
1108,5542 N LAKEWOOD,Chicago,IL,60660
1109,5526 N MAGNOLIA,Chicago,IL,60660
1110,5538 N MAGNOLIA,Chicago,IL,60660
1111,5540 N MAGNOLIA,Chicago,IL,60660
1112,5544 N MAGNOLIA,Chicago,IL,60660
1113,26 E PEARSON,Chicago,IL,60660
1114,26 E PEARSON,Chicago,IL,60660
1115,26 E PEARSON,Chicago,IL,60660
1116,26 E PEARSON,Chicago,IL,60660
1117,26 E PEARSON,Chicago,IL,60660
1118,26 E PEARSON,Chicago,IL,60660
1119,1238 W BRYN MAWR,Chicago,IL,60660
1120,1238 W BRYN MAWR,Chicago,IL,60660
1121,1232 W BRYN MAWR,Chicago,IL,60660
1122,5553 N MAGNOLIA,Chicago,IL,60660
1123,5541 N MAGNOLIA,Chicago,IL,60660
1124,5537 N MAGNOLIA,Chicago,IL,60660
1125,26 E PEARSON,Chicago,IL,60660
1126,26 E PEARSON,Chicago,IL,60660
1127,26 E PEARSON,Chicago,IL,60660
1128,26 E PEARSON,Chicago,IL,60660
1129,26 E PEARSON,Chicago,IL,60660
1130,1220 W CATALPA,Chicago,IL,60660
1131,5502 N MAGNOLIA,Chicago,IL,60660
1132,26 E PEARSON,Chicago,IL,60660
1133,26 E PEARSON,Chicago,IL,60660
1134,5502 N MAGNOLIA,Chicago,IL,60660
1135,5506 N MAGNOLIA,Chicago,IL,60660
1136,5510 N MAGNOLIA,Chicago,IL,60660
1137,5516 N MAGNOLIA,Chicago,IL,60660
1138,5516 N MAGNOLIA,Chicago,IL,60660
1139,5526 N MAGNOLIA,Chicago,IL,60660
1140,5457 N WAYNE,Chicago,IL,60660
1141,5457 N WAYNE,Chicago,IL,60660
1142,26 E PEARSON,Chicago,IL,60660
1143,5455 N WAYNE,Chicago,IL,60660
1144,26 E PEARSON,Chicago,IL,60660
1145,26 E PEARSON,Chicago,IL,60660
1146,5437 N WAYNE,Chicago,IL,60660
1147,5437 N WAYNE,Chicago,IL,60660
1148,5431 N WAYNE,Chicago,IL,60660
1149,5411 N WAYNE,Chicago,IL,60660
1150,5401 N WAYNE,Chicago,IL,60660
1151,5401 N WAYNE,Chicago,IL,60660
1152,26 E PEARSON,Chicago,IL,60660
1153,26 E PEARSON,Chicago,IL,60660
1154,5400 N WAYNE,Chicago,IL,60660
1155,5400 N WAYNE,Chicago,IL,60660
1156,26 E PEARSON,Chicago,IL,60660
1157,5406 N WAYNE,Chicago,IL,60660
1158,5410 N WAYNE,Chicago,IL,60660
1159,5416 N WAYNE,Chicago,IL,60660
1160,5418 N WAYNE,Chicago,IL,60660
1161,5424 N WAYNE,Chicago,IL,60660
1162,5434 N WAYNE,Chicago,IL,60660
1163,5434 N WAYNE,Chicago,IL,60660
1164,5438 N WAYNE,Chicago,IL,60660
1165,5442 N WAYNE,Chicago,IL,60660
1166,5452 N WAYNE,Chicago,IL,60660
1167,26 E PEARSON,Chicago,IL,60660
1168,1341 W CATALPA,Chicago,IL,60660
1169,1341 W CATALPA,Chicago,IL,60660
1170,1339 W CATALPA,Chicago,IL,60660
1171,5413 N LAKEWOOD,Chicago,IL,60660
1172,5417 N LAKEWOOD,Chicago,IL,60660
1173,5431 N LAKEWOOD,Chicago,IL,60660
1174,5435 N LAKEWOOD,Chicago,IL,60660
1175,5441 N LAKEWOOD,Chicago,IL,60660
1176,5447 N LAKEWOOD,Chicago,IL,60660
1177,5447 N LAKEWOOD,Chicago,IL,60660
1178,1231 W CATALPA,Chicago,IL,60660
1179,1255 W CATALPA,Chicago,IL,60660
1180,1310 W CATALPA,Chicago,IL,60660
1181,5422 N LAKEWOOD,Chicago,IL,60660
1182,5422 N LAKEWOOD,Chicago,IL,60660
1183,5426 N LAKEWOOD,Chicago,IL,60660
1184,5434 N LAKEWOOD,Chicago,IL,60660
1185,5438 N LAKEWOOD,Chicago,IL,60660
1186,5444 N LAKEWOOD,Chicago,IL,60660
1187,5446 N LAKEWOOD,Chicago,IL,60660
1188,1230 W BALMORAL,Chicago,IL,60660
1189,1250 W BALMORAL,Chicago,IL,60660
1190,26 E PEARSON,Chicago,IL,60660
1191,1340 W BERWYN,Chicago,IL,60660
1192,1340 W BERWYN,Chicago,IL,60660
1193,1340 W BERWYN,Chicago,IL,60660
1194,5310 N WAYNE,Chicago,IL,60660
1195,5316 N WAYNE,Chicago,IL,60660
1196,5334 N WAYNE,Chicago,IL,60660
1197,5336 N WAYNE,Chicago,IL,60660
1198,5344 N WAYNE,Chicago,IL,60660
1199,5354 N WAYNE,Chicago,IL,60660
1200,1341 W BALMORAL,Chicago,IL,60660
1201,26 E PEARSON,Chicago,IL,60660
1202,5357 N WAYNE,Chicago,IL,60660
1203,5355 N WAYNE,Chicago,IL,60660
1204,5353 N WAYNE,Chicago,IL,60660
1205,5349 N WAYNE,Chicago,IL,60660
1206,5347 N WAYNE,Chicago,IL,60660
1207,5339 N WAYNE,Chicago,IL,60660
1208,5337 N WAYNE,Chicago,IL,60660
1209,5333 N WAYNE,Chicago,IL,60660
1210,5329 N WAYNE,Chicago,IL,60660
1211,5329 N WAYNE,Chicago,IL,60660
1212,5323 N WAYNE,Chicago,IL,60660
1213,5314 N WAYNE,Chicago,IL,60660
1214,5313 N WAYNE,Chicago,IL,60660
1215,5309 N WAYNE,Chicago,IL,60660
1216,5301 N WAYNE,Chicago,IL,60660
1217,5301 N WAYNE,Chicago,IL,60660
1218,1218 W BALMORAL,Chicago,IL,60660
1219,1218 W BALMORAL,Chicago,IL,60660
1220,1218 W BALMORAL,Chicago,IL,60660
1221,1218 W BALMORAL,Chicago,IL,60660
1222,5359 N MAGNOLIA,Chicago,IL,60660
1223,5353 N MAGNOLIA,Chicago,IL,60660
1224,5351 N MAGNOLIA,Chicago,IL,60660
1225,5341 N MAGNOLIA,Chicago,IL,60660
1226,5331 N MAGNOLIA,Chicago,IL,60660
1227,5321 N MAGNOLIA,Chicago,IL,60660
1228,5315 N MAGNOLIA,Chicago,IL,60660
1229,5311 N MAGNOLIA,Chicago,IL,60660
1230,5307 N MAGNOLIA,Chicago,IL,60660
1231,5303 N MAGNOLIA,Chicago,IL,60660
1232,5300 N MAGNOLIA,Chicago,IL,60660
1233,5300 N MAGNOLIA,Chicago,IL,60660
1234,5300 N MAGNOLIA,Chicago,IL,60660
1235,5300 N MAGNOLIA,Chicago,IL,60660
1236,5306 N MAGNOLIA,Chicago,IL,60660
1237,5310 N MAGNOLIA,Chicago,IL,60660
1238,26 E PEARSON,Chicago,IL,60660
1239,5314 N MAGNOLIA,Chicago,IL,60660
1240,5322 N MAGNOLIA,Chicago,IL,60660
1241,5326 N MAGNOLIA,Chicago,IL,60660
1242,5330 N MAGNOLIA,Chicago,IL,60660
1243,5344 N MAGNOLIA,Chicago,IL,60660
1244,1254 W BALMORAL,Chicago,IL,60660
1245,1321 W BERWYN,Chicago,IL,60660
1246,5247 N WAYNE,Chicago,IL,60660
1247,5239 N WAYNE,Chicago,IL,60660
1248,5227 N WAYNE,Chicago,IL,60660
1249,5223 N WAYNE,Chicago,IL,60660
1250,5221 N WAYNE,Chicago,IL,60660
1251,5217 N WAYNE,Chicago,IL,60660
1252,5213 N WAYNE,Chicago,IL,60660
1253,5209 N WAYNE,Chicago,IL,60660
1254,1318 W FOSTER,Chicago,IL,60660
1255,1318 W FOSTER,Chicago,IL,60660
1256,5256 N WAYNE,Chicago,IL,60660
1257,5256 N WAYNE,Chicago,IL,60660
1258,5244 N WAYNE,Chicago,IL,60660
1259,5226 N WAYNE,Chicago,IL,60660
1260,5224 N WAYNE,Chicago,IL,60660
1261,5220 N WAYNE,Chicago,IL,60660
1262,5216 N WAYNE,Chicago,IL,60660
1263,5203 N LAKEWOOD,Chicago,IL,60660
1264,5202 N LAKEWOOD,Chicago,IL,60660
1265,5202 N LAKEWOOD,Chicago,IL,60660
1266,5202 N LAKEWOOD,Chicago,IL,60660
1267,5202 N LAKEWOOD,Chicago,IL,60660
1268,5206 N LAKEWOOD,Chicago,IL,60660
1269,5214 N LAKEWOOD,Chicago,IL,60660
1270,5232 N LAKEWOOD,Chicago,IL,60660
1271,5244 N LAKEWOOD,Chicago,IL,60660
1272,5244 N LAKEWOOD,Chicago,IL,60660
1273,5244 N LAKEWOOD,Chicago,IL,60660
1274,5244 N LAKEWOOD,Chicago,IL,60660
1275,5255 N LAKEWOOD,Chicago,IL,60660
1276,5253 N LAKEWOOD,Chicago,IL,60660
1277,5253 N LAKEWOOD,Chicago,IL,60660
1278,5245 N LAKEWOOD,Chicago,IL,60660
1279,5241 N LAKEWOOD,Chicago,IL,60660
1280,5227 N LAKEWOOD,Chicago,IL,60660
1281,5223 N LAKEWOOD,Chicago,IL,60660
1282,5217 N LAKEWOOD,Chicago,IL,60660
1283,5256 N MAGNOLIA,Chicago,IL,60660
1284,5254 N MAGNOLIA,Chicago,IL,60660
1285,5252 N MAGNOLIA,Chicago,IL,60660
1286,5242 N MAGNOLIA,Chicago,IL,60660
1287,5238 N MAGNOLIA,Chicago,IL,60660
1288,5230 N MAGNOLIA,Chicago,IL,60660
1289,5226 N MAGNOLIA,Chicago,IL,60660
1290,5220 N MAGNOLIA,Chicago,IL,60660
1291,5200 N MAGNOLIA,Chicago,IL,60660
1292,5217 N MAGNOLIA,Chicago,IL,60660
1293,5223 N MAGNOLIA,Chicago,IL,60660
1294,5229 N MAGNOLIA,Chicago,IL,60660
1295,5241 N MAGNOLIA,Chicago,IL,60660
1296,5251 N MAGNOLIA,Chicago,IL,60660
1297,5255 N MAGNOLIA,Chicago,IL,60660
1298,1062 W ROSEMONT,Chicago,IL,60660
1299,6229 N WINTHROP,Chicago,IL,60660
1300,6161 N WINTHROP,Chicago,IL,60660
1301,6131 N WINTHROP,Chicago,IL,60660
1302,1059 W GLENLAKE,Chicago,IL,60660
1303,1065 W GLENLAKE,Chicago,IL,60660
1304,6013 N WINTHROP,Chicago,IL,60660
1305,1030 W GLENLAKE,Chicago,IL,60660
1306,6201 N KENMORE,Chicago,IL,60660
1307,6231 N KENMORE,Chicago,IL,60660
1308,6325 N SHERIDAN,Chicago,IL,60660
1309,6253 N SHERIDAN,Chicago,IL,60660
1310,1100 W THORNDALE,Chicago,IL,60660
1311,6307 N WINTHROP,Chicago,IL,60660
1312,6217 N WINTHROP,Chicago,IL,60660
1313,6131 N WINTHROP,Chicago,IL,60660
1314,1056 W GLENLAKE,Chicago,IL,60660
1315,1063 W GLENLAKE,Chicago,IL,60660
1316,6035 N WINTHROP,Chicago,IL,60660
1317,6011 N WINTHROP,Chicago,IL,60660
1318,5957 N WINTHROP,Chicago,IL,60660
1319,1031 W GLENLAKE,Chicago,IL,60660
1320,6201 N KENMORE,Chicago,IL,60660
1321,6255 N KENMORE,Chicago,IL,60660
1322,6250 N KENMORE,Chicago,IL,60660
1323,6300 N SHERIDAN,Chicago,IL,60660
1324,6236 N SHERIDAN,Chicago,IL,60660
1325,6102 N SHERIDAN,Chicago,IL,60660
1326,26 E PEARSON,Chicago,IL,60660
1327,26 E PEARSON,Chicago,IL,60660
1328,26 E PEARSON,Chicago,IL,60660
1329,26 E PEARSON,Chicago,IL,60660
1330,26 E PEARSON,Chicago,IL,60660
1331,26 E PEARSON,Chicago,IL,60660
1332,26 E PEARSON,Chicago,IL,60660
1333,26 E PEARSON,Chicago,IL,60660
1334,26 E PEARSON,Chicago,IL,60660
1335,26 E PEARSON,Chicago,IL,60660
1336,26 E PEARSON,Chicago,IL,60660
1337,26 E PEARSON,Chicago,IL,60660
1338,26 E PEARSON,Chicago,IL,60660
1339,26 E PEARSON,Chicago,IL,60660
1340,26 E PEARSON,Chicago,IL,60660
1341,26 E PEARSON,Chicago,IL,60660
1342,26 E PEARSON,Chicago,IL,60660
1343,26 E PEARSON,Chicago,IL,60660
1344,1401 W ELMDALE,Chicago,IL,60660
1345,1403 W ELMDALE,Chicago,IL,60660
1346,1407 W ELMDALE,Chicago,IL,60660
1347,1415 W ELMDALE,Chicago,IL,60660
1348,1417 W ELMDALE,Chicago,IL,60660
1349,1419 W ELMDALE,Chicago,IL,60660
1350,1421 W ELMDALE,Chicago,IL,60660
1351,1425 W ELMDALE,Chicago,IL,60660
1352,1427 W ELMDALE,Chicago,IL,60660
1353,1429 W ELMDALE,Chicago,IL,60660
1354,1433 W ELMDALE,Chicago,IL,60660
1355,1439 W ELMDALE,Chicago,IL,60660
1356,1443 W ELMDALE,Chicago,IL,60660
1357,1445 W ELMDALE,Chicago,IL,60660
1358,1447 W ELMDALE,Chicago,IL,60660
1359,1457 W ELMDALE,Chicago,IL,60660
1360,1459 W ELMDALE,Chicago,IL,60660
1361,1461 W ELMDALE,Chicago,IL,60660
1362,26 E PEARSON,Chicago,IL,60660
1363,26 E PEARSON,Chicago,IL,60660
1364,26 E PEARSON,Chicago,IL,60660
1365,26 E PEARSON,Chicago,IL,60660
1366,26 E PEARSON,Chicago,IL,60660
1367,26 E PEARSON,Chicago,IL,60660
1368,26 E PEARSON,Chicago,IL,60660
1369,26 E PEARSON,Chicago,IL,60660
1370,1404 W THORNDALE,Chicago,IL,60660
1371,1406 W THORNDALE,Chicago,IL,60660
1372,1412 W THORNDALE,Chicago,IL,60660
1373,1414 W THORNDALE,Chicago,IL,60660
1374,1522 W THORNDALE,Chicago,IL,60660
1375,26 E PEARSON,Chicago,IL,60660
1376,26 E PEARSON,Chicago,IL,60660
1377,26 E PEARSON,Chicago,IL,60660
1378,1525 W THORNDALE,Chicago,IL,60660
1379,26 E PEARSON,Chicago,IL,60660
1380,5954 N GREENVIEW,Chicago,IL,60660
1381,26 E PEARSON,Chicago,IL,60660
1382,26 E PEARSON,Chicago,IL,60660
1383,26 E PEARSON,Chicago,IL,60660
1384,1542 W ELMDALE,Chicago,IL,60660
1385,1540 W ELMDALE,Chicago,IL,60660
1386,1528 W ELMDALE,Chicago,IL,60660
1387,1522 W ELMDALE,Chicago,IL,60660
1388,1520 W ELMDALE,Chicago,IL,60660
1389,1502 W ELMDALE,Chicago,IL,60660
1390,26 E PEARSON,Chicago,IL,60660
1391,5932 N GLENWOOD,Chicago,IL,60660
1392,5928 N GLENWOOD,Chicago,IL,60660
1393,5914 N GLENWOOD,Chicago,IL,60660
1394,5902 N GLENWOOD,Chicago,IL,60660
1395,5858 N GLENWOOD,Chicago,IL,60660
1396,5866 N GLENWOOD,Chicago,IL,60660
1397,5860 N GLENWOOD,Chicago,IL,60660
1398,5854 N GLENWOOD,Chicago,IL,60660
1399,26 E PEARSON,Chicago,IL,60660
1400,5838 N GLENWOOD,Chicago,IL,60660
1401,5814 N GLENWOOD,Chicago,IL,60660
1402,1411 W ARDMORE,Chicago,IL,60660
1403,5830 N ELMDALE,Chicago,IL,60660
1404,1421 W ARDMORE,Chicago,IL,60660
1405,1429 W ARDMORE,Chicago,IL,60660
1406,1458 W ARDMORE,Chicago,IL,60660
1407,1435 W ARDMORE,Chicago,IL,60660
1408,1426 W ARDMORE,Chicago,IL,60660
1409,1422 W ARDMORE,Chicago,IL,60660
1410,6028 N HERMITAGE,Chicago,IL,60660
1411,6032 N HERMITAGE,Chicago,IL,60660
1412,6034 N HERMITAGE,Chicago,IL,60660
1413,6036 N HERMITAGE,Chicago,IL,60660
1414,6038 N HERMITAGE,Chicago,IL,60660
1415,6058 N HERMITAGE,Chicago,IL,60660
1416,6064 N HERMITAGE,Chicago,IL,60660
1417,6074 N HERMITAGE,Chicago,IL,60660
1418,6074 N HERMITAGE,Chicago,IL,60660
1419,6116 N HERMITAGE,Chicago,IL,60660
1420,6126 N HERMITAGE,Chicago,IL,60660
1421,6154 N HERMITAGE,Chicago,IL,60660
1422,6145 N HERMITAGE,Chicago,IL,60660
1423,6143 N HERMITAGE,Chicago,IL,60660
1424,6141 N HERMITAGE,Chicago,IL,60660
1425,6119 N HERMITAGE,Chicago,IL,60660
1426,6111 N HERMITAGE,Chicago,IL,60660
1427,6105 N HERMITAGE,Chicago,IL,60660
1428,6069 N HERMITAGE,Chicago,IL,60660
1429,6067 N HERMITAGE,Chicago,IL,60660
1430,6065 N HERMITAGE,Chicago,IL,60660
1431,6061 N HERMITAGE,Chicago,IL,60660
1432,6055 N HERMITAGE,Chicago,IL,60660
1433,6043 N HERMITAGE,Chicago,IL,60660
1434,6027 N HERMITAGE,Chicago,IL,60660
1435,6025 N HERMITAGE,Chicago,IL,60660
1436,6079 N RIDGE,Chicago,IL,60660
1437,5707 N WINTHROP,Chicago,IL,60660
1438,5709 N WINTHROP,Chicago,IL,60660
1439,5726 N WINTHROP,Chicago,IL,60660
1440,5727 N WINTHROP,Chicago,IL,60660
1441,5727 N WINTHROP,Chicago,IL,60660
1442,5730 N WINTHROP,Chicago,IL,60660
1443,5739 N WINTHROP,Chicago,IL,60660
1444,5758 N WINTHROP,Chicago,IL,60660
1445,5800 N WINTHROP,Chicago,IL,60660
1446,5812 N WINTHROP,Chicago,IL,60660
1447,5818 N WINTHROP,Chicago,IL,60660
1448,5922 N WINTHROP,Chicago,IL,60660
1449,5703 N KENMORE,Chicago,IL,60660
1450,5725 N KENMORE,Chicago,IL,60660
1451,5736 N KENMORE,Chicago,IL,60660
1452,5746 N KENMORE,Chicago,IL,60660
1453,5750 N KENMORE,Chicago,IL,60660
1454,5750 N KENMORE,Chicago,IL,60660
1455,5751 N KENMORE,Chicago,IL,60660
1456,5757 N KENMORE,Chicago,IL,60660
1457,26 E PEARSON,Chicago,IL,60660
1458,5820 N KENMORE,Chicago,IL,60660
1459,5828 N KENMORE,Chicago,IL,60660
1460,5829 N KENMORE,Chicago,IL,60660
1461,5909 N KENMORE,Chicago,IL,60660
1462,5910 N KENMORE,Chicago,IL,60660
1463,5920 N KENMORE,Chicago,IL,60660
1464,1019 W ARDMORE,Chicago,IL,60660
1465,1020 W ARDMORE,Chicago,IL,60660
1466,1020 W ARDMORE,Chicago,IL,60660
1467,1045 W ARDMORE,Chicago,IL,60660
1468,1050 W ARDMORE,Chicago,IL,60660
1469,1002 W THORNDALE,Chicago,IL,60660
1470,1017 W THORNDALE,Chicago,IL,60660
1471,1019 W THORNDALE,Chicago,IL,60660
1472,1025 W THORNDALE,Chicago,IL,60660
1473,26 E PEARSON,Chicago,IL,60660
1474,5239 N ASHLAND,Chicago,IL,60660
1475,5547 N ASHLAND,Chicago,IL,60660
1476,1610 W BERWYN,Chicago,IL,60660
1477,1743 W BRYN MAWR,Chicago,IL,60660
1478,5404 N PAULINA,Chicago,IL,60660
1479,5501 N PAULINA,Chicago,IL,60660
1480,1650 W RASCHER,Chicago,IL,60660
1481,5313 N RAVENSWOOD,Chicago,IL,60660
1482,1735 W BRYN MAWR,Chicago,IL,60660
1483,5238 N CLARK,Chicago,IL,60660
1484,1656 W FOSTER,Chicago,IL,60660
1485,5453 N PAULINA,Chicago,IL,60660
1486,5547 N RAVENSWOOD,Chicago,IL,60660
1487,5225 N ASHLAND,Chicago,IL,60660
1488,5301 N RAVENSWOOD,Chicago,IL,60660
1489,5345 N ASHLAND,Chicago,IL,60660
1490,1643 W BERWN,Chicago,IL,60660
1491,1722 W GREGORY,Chicago,IL,60660
1492,1650 W RASCHER,Chicago,IL,60660
1493,1750 W SUMMERDALE,Chicago,IL,60660
1494,26 E PEARSON,Chicago,IL,60660
1495,5256 N PAULINA,Chicago,IL,60660
1496,1509 W SUMMERDALE,Chicago,IL,60660
1497,5338 N ASHLAND,Chicago,IL,60660
1498,5254 N ASHLAND,Chicago,IL,60660
1499,5313 N RAVENSWOOD,Chicago,IL,60660
1500,1743 W BRYN MAWR,Chicago,IL,60660
1501,5536 N PAULINA,Chicago,IL,60660
1502,1647 W RASCHER,Chicago,IL,60660
1503,5353 N ASHLAND,Chicago,IL,60660
1504,1729 W RASCHER,Chicago,IL,60660
1505,5301 N RAVENSWOOD,Chicago,IL,60660
1506,5416 N ASHLAND,Chicago,IL,60660
1507,5406 N ASHLAND,Chicago,IL,60660
1508,1700 W CATALPA,Chicago,IL,60660
1509,1700 W CATALPA,Chicago,IL,60660
1510,5348 N PAULINA,Chicago,IL,60660
1511,5434 N PAULINA,Chicago,IL,60660
1512,1720 W SUMMERDALE,Chicago,IL,60660
1513,5335 N RAVENSWOOD,Chicago,IL,60660
1514,1739 W BERWYN,Chicago,IL,60660
1515,1720 W RASCHER,Chicago,IL,60660
1516,5235 N RAVENSWOOD,Chicago,IL,60660
1517,1733 W CATALPA,Chicago,IL,60660
1518,1703 W CATALPA,Chicago,IL,60660
1519,5210 N PAULINA,Chicago,IL,60660
1520,5300 N PAULINA,Chicago,IL,60660
1521,5517 N PAULINA,Chicago,IL,60660
1522,1652 W FOSTER,Chicago,IL,60660
1523,5300 N PAULINA,Chicago,IL,60660
1524,1650 W RASCHER,Chicago,IL,60660
1525,1741 W GREGORY,Chicago,IL,60660
1526,1604 W FARRAGUT,Chicago,IL,60660
1527,1728 W RASCHER,Chicago,IL,60660
1528,1753 W RASCHER,Chicago,IL,60660
1529,1644 W FARRAGUT,Chicago,IL,60660
1530,5414 N PAULINA,Chicago,IL,60660
1531,5308 N PAULINA,Chicago,IL,60660
1532,5545 N RAVENSWOOD,Chicago,IL,60660
1533,5418 N ASHLAND,Chicago,IL,60660
1534,1727 W BRYN MAWR,Chicago,IL,60660
1535,1729 W BRYN MAWR,Chicago,IL,60660
1536,1655 W CATALPA,Chicago,IL,60660
1537,1704 W CATALPA,Chicago,IL,60660
1538,5454 N PAULINA,Chicago,IL,60660
1539,5319 N RAVENSWOOD,Chicago,IL,60660
1540,5339 N RAVENSWOOD,Chicago,IL,60660
1541,1752 W CATALPA,Chicago,IL,60660
1542,1706 W BALMORAL,Chicago,IL,60660
1543,1740 W RASCHER,Chicago,IL,60660
1544,1718 W FARRAGUT,Chicago,IL,60660
1545,5337 N RAVENSWOOD,Chicago,IL,60660
1546,5501 N PAULINA,Chicago,IL,60660
1547,1700 W CATALPA,Chicago,IL,60660
1548,1622 W FARRAGUT,Chicago,IL,60660
1549,5517 N PAULINA,Chicago,IL,60660
1550,1720 W BALMORAL,Chicago,IL,60660
1551,5545 N PAULINA,Chicago,IL,60660
1552,5338 N ASHLAND,Chicago,IL,60660
1553,5414 N ASHLAND,Chicago,IL,60660
1554,5440 N ASHLAND,Chicago,IL,60660
1555,1726 W CATALPA,Chicago,IL,60660
1556,1736 W CATALPA,Chicago,IL,60660
1557,1622 W RASCHER,Chicago,IL,60660
1558,5355 N RAVENSWOOD,Chicago,IL,60660
1559,5532 N PAULINA,Chicago,IL,60660
1560,1723 W BRYN MAWR,Chicago,IL,60660
1561,5415 N ASHLAND,Chicago,IL,60660
1562,5421 N ASHLAND,Chicago,IL,60660
1563,5207 N ASHLAND,Chicago,IL,60660
1564,5235 N ASHLAND,Chicago,IL,60660
1565,1706 W BALMORAL,Chicago,IL,60660
1566,5300 N PAULINA,Chicago,IL,60660
1567,1637 W SUMMERDALE,Chicago,IL,60660
1568,5434 N ASHLAND,Chicago,IL,60660
1569,5520 N PAULINA,Chicago,IL,60660
1570,5520 N PAULINA,Chicago,IL,60660
1571,5254 N ASHLAND,Chicago,IL,60660
1572,1741 W CATALPA,Chicago,IL,60660
1573,5434 N PAULINA,Chicago,IL,60660
1574,1740 W CATALPA,Chicago,IL,60660
1575,1743 W BRYN MAWR,Chicago,IL,60660
1576,1702 W CATALPA,Chicago,IL,60660
1577,5312 N PAULINA,Chicago,IL,60660
1578,1640 W RASCHER,Chicago,IL,60660
1579,1715 W RASCHER,Chicago,IL,60660
1580,5545 N RAVENSWOOD,Chicago,IL,60660
1581,1731 W SUMMERDALE,Chicago,IL,60660
1582,1700 W FOSTER,Chicago,IL,60660
1583,5235 N ASHLAND,Chicago,IL,60660
1584,1702 W CATALPA,Chicago,IL,60660
1585,1719 W GREGORY,Chicago,IL,60660
1586,1710 W BALMORAL,Chicago,IL,60660
1587,5520 N PAULINA,Chicago,IL,60660
1588,1639 W SUMMERDALE,Chicago,IL,60660
1589,5554 N PAULINA,Chicago,IL,60660
1590,5219 N ASHLAND,Chicago,IL,60660
1591,5355 N ASHLAND,Chicago,IL,60660
1592,1751 W CATALPA,Chicago,IL,60660
1593,5501 N PAULINA,Chicago,IL,60660
1594,1610 W SUMMERDALE,Chicago,IL,60660
1595,1715 W CATALPA,Chicago,IL,60660
1596,1750 W SUMMERDALE,Chicago,IL,60660
1597,1750 W SUMMERDALE,Chicago,IL,60660
1598,5234 N ASHLAND,Chicago,IL,60660
1599,1705 W FARRAGUT,Chicago,IL,60660
1600,1751 W SUMMERDALE,Chicago,IL,60660
1601,5235 N ASHLAND,Chicago,IL,60660
1602,5354 N ASHLAND,Chicago,IL,60660
1603,1729 W BALMORAL,Chicago,IL,60660
1604,1646 W FARRAGUT,Chicago,IL,60660
1605,1727 W GREGORY,Chicago,IL,60660
1606,1750 W SUMMERDALE,Chicago,IL,60660
1607,1633 W BERWYN,Chicago,IL,60660
1608,1747 W FARRAGUT,Chicago,IL,60660
1609,5304 N PAULINA,Chicago,IL,60660
1610,1726 W BALMORAL,Chicago,IL,60660
1611,1725 W CATALPA,Chicago,IL,60660
1612,1647 W RASCHER,Chicago,IL,60660
1613,5547 N RAVENSWOOD,Chicago,IL,60660
1614,5443 N PAULINA,Chicago,IL,60660
1615,1636 W BERWYN,Chicago,IL,60660
1616,1750 W RASCHER,Chicago,IL,60660
1617,1602 W SUMMERDALE,Chicago,IL,60660
1618,1736 W SUMMERDALE,Chicago,IL,60660
1619,5235 N RAVENSWOOD,Chicago,IL,60660
1620,5235 N ASHLAND,Chicago,IL,60660
1621,1728 W CATALPA,Chicago,IL,60660
1622,1721 W BERWYN,Chicago,IL,60660
1623,1631 W BERWYN,Chicago,IL,60660
1624,1631 W RASCHER,Chicago,IL,60660
1625,5520 N PAULINA,Chicago,IL,60660
1626,1724 W BALMORAL,Chicago,IL,60660
1627,5507 N PAULINA,Chicago,IL,60660
1628,5547 N ASHLAND,Chicago,IL,60660
1629,5312 N PAULINA,Chicago,IL,60660
1630,1640 W SUMMERDALE,Chicago,IL,60660
1631,1637 W BERWYN,Chicago,IL,60660
1632,5510 N PAULINA,Chicago,IL,60660
1633,1730 W GREGORY,Chicago,IL,60660
1634,1604 W FARRAGUT,Chicago,IL,60660
1635,1725 W FARRAGUT,Chicago,IL,60660
1636,5356 N PAULINA,Chicago,IL,60660
1637,5434 N PAULINA,Chicago,IL,60660
1638,1640 W FARRAGUT,Chicago,IL,60660
1639,5304 N PAULINA,Chicago,IL,60660
1640,1604 W BERWYN,Chicago,IL,60660
1641,1730 W CATALPA,Chicago,IL,60660
1642,1705 W FARRAGUT,Chicago,IL,60660
1643,1739 W SUMMERDALE,Chicago,IL,60660
1644,1722 W CATALPA,Chicago,IL,60660
1645,1751 W CATALPA,Chicago,IL,60660
1646,5434 N PAULINA,Chicago,IL,60660
1647,5441 N PAULINA,Chicago,IL,60660
1648,1642 W RASCHER,Chicago,IL,60660
1649,1739 W RASCHER,Chicago,IL,60660
1650,1700 W FARRAGUT,Chicago,IL,60660
1651,1736 W GREGORY,Chicago,IL,60660
1652,1654 W BERWYN,Chicago,IL,60660
1653,1738 W GREGORY,Chicago,IL,60660
1654,5406 N PAULINA,Chicago,IL,60660
1655,1751 W SUMMERDALE,Chicago,IL,60660
1656,1616 W BERWYN,Chicago,IL,60660
1657,5235 N ASHLAND,Chicago,IL,60660
1658,5235 N ASHLAND,Chicago,IL,60660
1659,1720 W BERWYN,Chicago,IL,60660
1660,5440 N PAULINA,Chicago,IL,60660
1661,1719 W BALMORAL,Chicago,IL,60660
1662,1722 W FARRAGUT,Chicago,IL,60660
1663,5323 N PAULINA,Chicago,IL,60660
1664,5554 N PAULINA,Chicago,IL,60660
1665,1615 W RASCHER,Chicago,IL,60660
1666,5520 N PAULINA,Chicago,IL,60660
1667,1700 W FARRAGUT,Chicago,IL,60660
1668,26 E PEARSON,Chicago,IL,60660
1669,5439 N PAULINA,Chicago,IL,60660
1670,1615 W RASCHER,Chicago,IL,60660
1671,1732 W RASCHER,Chicago,IL,60660
1672,1714 W BERWYN,Chicago,IL,60660
1673,1751 W CATALPA,Chicago,IL,60660
1674,5521 N PAULINA,Chicago,IL,60660
1675,1700 W SUMMERDALE,Chicago,IL,60660
1676,1716 W BERWYN,Chicago,IL,60660
1677,1731 W BERWYN,Chicago,IL,60660
1678,1602 W SUMMERDALE,Chicago,IL,60660
1679,1654 W BERWYN,Chicago,IL,60660
1680,5542 N ASHLAND,Chicago,IL,60660
1681,1731 W BALMORAL,Chicago,IL,60660
1682,5352 N ASHLAND,Chicago,IL,60660
1683,1718 W BALMORAL,Chicago,IL,60660
1684,1734 W BALMORAL,Chicago,IL,60660
1685,1719 W BRYN MAWR,Chicago,IL,60660
1686,1636 W RASCHER,Chicago,IL,60660
1687,1641 W BERWYN,Chicago,IL,60660
1688,1622 W BERWYN,Chicago,IL,60660
1689,1737 W BALMORAL,Chicago,IL,60660
1690,1738 W BALMORAL,Chicago,IL,60660
1691,5338 N PAULINA,Chicago,IL,60660
1692,1735 W BERWYN,Chicago,IL,60660
1693,1701 W FARRAGUT,Chicago,IL,60660
1694,5418 N PAULINA,Chicago,IL,60660
1695,5540 N PAULINA,Chicago,IL,60660
1696,1715 W BALMORAL,Chicago,IL,60660
1697,1751 W SUMMERDALE,Chicago,IL,60660
1698,5324 N ASHLAND,Chicago,IL,60660
1699,1739 W CATALPA,Chicago,IL,60660
1700,1727 W BERWYN,Chicago,IL,60660
1701,1714 W BALMORAL,Chicago,IL,60660
1702,1615 W RASCHER,Chicago,IL,60660
1703,1641 W SUMMERDALE,Chicago,IL,60660
1704,1732 W FARRAGUT,Chicago,IL,60660
1705,5208 N PAULINA,Chicago,IL,60660
1706,1714 W FARRAGUT,Chicago,IL,60660
1707,1626 W RASCHER,Chicago,IL,60660
1708,1616 W RASCHER,Chicago,IL,60660
1709,5353 N RAVENSWOOD,Chicago,IL,60660
1710,1732 W GREGORY,Chicago,IL,60660
1711,5554 N PAULINA,Chicago,IL,60660
1712,1721 W BALMORAL,Chicago,IL,60660
1713,1615 W RASCHER,Chicago,IL,60660
1714,1643 W RASCHER,Chicago,IL,60660
1715,5315 N RAVENSWOOD,Chicago,IL,60660
1716,1720 W CATALPA,Chicago,IL,60660
1717,5511 N PAULINA,Chicago,IL,60660
1718,1714 W RASCHER,Chicago,IL,60660
1719,1604 W FARRAGUT,Chicago,IL,60660
1720,1723 W GREGORY,Chicago,IL,60660
1721,5501 N RAVENSWOOD,Chicago,IL,60660
1722,1614 W SUMMERDALE,Chicago,IL,60660
1723,1620 W SUMMERDALE,Chicago,IL,60660
1724,1720 W BERWYN,Chicago,IL,60660
1725,1628 W SUMMERDALE,Chicago,IL,60660
1726,5346 N PAULINA,Chicago,IL,60660
1727,1705 W RASCHER,Chicago,IL,60660
1728,1733 W BERWYN,Chicago,IL,60660
1729,1732 W FOSTER,Chicago,IL,60660
1730,1638 W BERWYN,Chicago,IL,60660
1731,5235 N RAVENSWOOD,Chicago,IL,60660
1732,5434 N ASHLAND,Chicago,IL,60660
1733,1729 W GREGORY,Chicago,IL,60660
1734,1738 W BERWYN,Chicago,IL,60660
1735,1723 W BALMORAL,Chicago,IL,60660
1736,1721 W BRYN MAWR,Chicago,IL,60660
1737,1700 W SUMMERDALE,Chicago,IL,60660
1738,1748 W FARRAGUT,Chicago,IL,60660
1739,5352 N PAULINA,Chicago,IL,60660
1740,1700 W SUMMERDALE,Chicago,IL,60660
1741,5457 N PAULINA,Chicago,IL,60660
1742,5523 N RAVENSWOOD,Chicago,IL,60660
1743,5422 N PAULINA,Chicago,IL,60660
1744,1715 W FARRAGUT,Chicago,IL,60660
1745,1701 W SUMMERDALE,Chicago,IL,60660
1746,1703 W SUMMERDALE,Chicago,IL,60660
1747,1714 W SUMMERDALE,Chicago,IL,60660
1748,1725 W SUMMERDALE,Chicago,IL,60660
1749,1715 W BERWYN,Chicago,IL,60660
1750,1654 W FARRAGUT,Chicago,IL,60660
1751,5532 N PAULINA,Chicago,IL,60660
1752,1615 W RASCHER,Chicago,IL,60660
1753,5348 N ASHLAND,Chicago,IL,60660
1754,5352 N PAULINA,Chicago,IL,60660
1755,5554 N PAULINA,Chicago,IL,60660
1756,1629 W SUMMERDALE,Chicago,IL,60660
1757,1711 W BERWYN,Chicago,IL,60660
1758,1632 W SUMMERDALE,Chicago,IL,60660
1759,5353 N ASHLAND,Chicago,IL,60660
1760,1617 W BERWYN,Chicago,IL,60660
1761,5310 N ASHLAND,Chicago,IL,60660
1762,1625 W BERWYN,Chicago,IL,60660
1763,1734 W FOSTER,Chicago,IL,60660
1764,1620 W SUMMERDALE,Chicago,IL,60660
1765,1710 W FARRAGUT,Chicago,IL,60660
1766,1631 W SUMMERDALE,Chicago,IL,60660
1767,1645 W BERWYN,Chicago,IL,60660
1768,26 E PEARSON,Chicago,IL,60660
1769,1732 W BERWYN,Chicago,IL,60660
1770,5324 N ASHLAND,Chicago,IL,60660
1771,1651 W FOSTER,Chicago,IL,60660
1772,1737 W FARRAGUT,Chicago,IL,60660
1773,5521 N RAVENSWOOD,Chicago,IL,60660
1774,1720 W SUMMERDALE,Chicago,IL,60660
1775,1735 W FARRAGUT,Chicago,IL,60660
1776,1616 W FARRAGUT,Chicago,IL,60660
1777,1616 W FARRAGUT,Chicago,IL,60660
1778,1638 W SUMMERDALE,Chicago,IL,60660
1779,5345 N RAVENSWOOD,Chicago,IL,60660
1780,1701 W FARRAGUT,Chicago,IL,60660
1781,1734 W RASCHER,Chicago,IL,60660
1782,1724 W RASCHER,Chicago,IL,60660
1783,26 E PEARSON,Chicago,IL,60660
1784,26 E PEARSON,Chicago,IL,60660
1785,26 E PEARSON,Chicago,IL,60660
1786,1636 W HOLLYWOOD,Chicago,IL,60660
1787,1648 W HOLLYWOOD,Chicago,IL,60660
1788,1775 W OLIVE,Chicago,IL,60660
1789,1605 W OLIVE,Chicago,IL,60660
1790,1725 W OLIVE,Chicago,IL,60660
1791,1672 W OLIVE,Chicago,IL,60660
1792,1672 W EDGEWATER,Chicago,IL,60660
1793,1659 W OLIVE,Chicago,IL,60660
1794,1756 W OLIVE,Chicago,IL,60660
1795,1652 W OLIVE,Chicago,IL,60660
1796,1636 W OLIVE,Chicago,IL,60660
1797,1608 W OLIVE,Chicago,IL,60660
1798,1663 W OLIVE,Chicago,IL,60660
1799,1604 W OLIVE,Chicago,IL,60660
1800,1747 W OLIVE,Chicago,IL,60660
1801,1742 W OLIVE,Chicago,IL,60660
1802,1751 W OLIVE,Chicago,IL,60660
1803,1624 W OLIVE,Chicago,IL,60660
1804,5652 N HERMITAGE,Chicago,IL,60660
1805,1660 W EDGEWATER,Chicago,IL,60660
1806,1662 W EDGEWATER,Chicago,IL,60660
1807,1616 W BRYN MAWR,Chicago,IL,60660
1808,1650 W EDGEWATER,Chicago,IL,60660
1809,1764 W THORNDALE,Chicago,IL,60660
1810,1652 W EDGEWATER,Chicago,IL,60660
1811,1655 W EDGEWATER,Chicago,IL,60660
1812,1653 W EDGEWATER,Chicago,IL,60660
1813,1675 W HOLLYWOOD,Chicago,IL,60660
1814,1631 W EDGEWATER,Chicago,IL,60660
1815,1677 W HOLLYWOOD,Chicago,IL,60660
1816,5616 N RNSWOOD,Chicago,IL,60660
1817,1625 W BRYN MAWR,Chicago,IL,60660
1818,1656 W EDGEWATER,Chicago,IL,60660
1819,1624 W EDGEWATER,Chicago,IL,60660
1820,5646 N ASHLAND,Chicago,IL,60660
1821,26 E PEARSON,Chicago,IL,60660
1822,1627 W EDGEWATER,Chicago,IL,60660
1823,1635 W HOLLYWOOD,Chicago,IL,60660
1824,5717 N RNSWOOD,Chicago,IL,60660
1825,1615 W ROSEHILL,Chicago,IL,60660
1826,5614 N RNSWOOD,Chicago,IL,60660
1827,5925 N RNSWOOD,Chicago,IL,60660
1828,1715 W ROSEHILL,Chicago,IL,60660
1829,1635 W EDGEWATER,Chicago,IL,60660
1830,1711 W ROSEHILL,Chicago,IL,60660
1831,5990 N PETERSON,Chicago,IL,60660
1832,5618 N RNSWOOD,Chicago,IL,60660
1833,26 E PEARSON,Chicago,IL,60660
1834,1636 W BRYN MAWR,Chicago,IL,60660
1835,1618 W EDGEWATER,Chicago,IL,60660
1836,1740 W BRYN MAWR,Chicago,IL,60660
1837,1614 W EDGEWATER,Chicago,IL,60660
1838,1612 W ROSEHILL,Chicago,IL,60660
1839,1661 W EDGEWATER,Chicago,IL,60660
1840,1617 W EDGEWATER,Chicago,IL,60660
1841,1721 W BRYN MAWR,Chicago,IL,60660
1842,1620 W EDGEWATER,Chicago,IL,60660
1843,5636 N HERMITAGE,Chicago,IL,60660
1844,5940 N PAULINA,Chicago,IL,60660
1845,1735 W THORNDALE,Chicago,IL,60660
1846,1721 W THORNDALE,Chicago,IL,60660
1847,1667 W HOLLYWOOD,Chicago,IL,60660
1848,1728 W ROSEHILL,Chicago,IL,60660
1849,1638 W EDGEWATER,Chicago,IL,60660
1850,1651 W HOLLYWOOD,Chicago,IL,60660
1851,5651 N HERMITAGE,Chicago,IL,60660
1852,1675 W HOLLYWOOD,Chicago,IL,60660
1853,5934 N PAULINA,Chicago,IL,60660
1854,5715 N RNSWOOD,Chicago,IL,60660
1855,5618 N RNSWOOD,Chicago,IL,60660
1856,5942 N PAULINA,Chicago,IL,60660
1857,1715 W ROSEHILL,Chicago,IL,60660
1858,1748 W THORNDALE,Chicago,IL,60660
1859,1772 W THORNDALE,Chicago,IL,60660
1860,1734 W THORNDALE,Chicago,IL,60660
1861,1736 W BRYN MAWR,Chicago,IL,60660
1862,1642 W EDGEWATER,Chicago,IL,60660
1863,5640 N HERMITAGE,Chicago,IL,60660
1864,1799 W ROSEHILL,Chicago,IL,60660
1865,1653 W ROSEHILL,Chicago,IL,60660
1866,1653 W ROSEHILL,Chicago,IL,60660
1867,1766 W THORNDALE,Chicago,IL,60660
1868,1663 W HOLLYWOOD,Chicago,IL,60660
1869,1625 W ROSEHILL,Chicago,IL,60660
1870,1732 W ROSEHILL,Chicago,IL,60660
1871,1723 W THORNDALE,Chicago,IL,60660
1872,1644 W EDGEWATER,Chicago,IL,60660
1873,1764 W THORNDALE,Chicago,IL,60660
1874,1636 W THORNDALE,Chicago,IL,60660
1875,1632 W EDGEWATER,Chicago,IL,60660
1876,1665 W BRYN MAWR,Chicago,IL,60660
1877,1772 W THORNDALE,Chicago,IL,60660
1878,1634 W THORNDALE,Chicago,IL,60660
1879,5637 N HERMITAGE,Chicago,IL,60660
1880,1614 W PAULINA,Chicago,IL,60660
1881,1705 W ROSEHILL,Chicago,IL,60660
1882,5638 N HERMITAGE,Chicago,IL,60660
1883,5630 N RNSWOOD,Chicago,IL,60660
1884,1719 W ROSEHILL,Chicago,IL,60660
1885,1746 W THORNDALE,Chicago,IL,60660
1886,1653 W HOLLYWOOD,Chicago,IL,60660
1887,1611 W ROSEHILL,Chicago,IL,60660
1888,1627 W ROSEHILL,Chicago,IL,60660
1889,26 E PEARSON,Chicago,IL,60660
1890,1709 W ROSEHILL,Chicago,IL,60660
1891,1717 W THORNDALE,Chicago,IL,60660
1892,1679 W HOLLYWOOD,Chicago,IL,60660
1893,5924 N PAULINA,Chicago,IL,60660
1894,1667 W BRYN MAWR,Chicago,IL,60660
1895,1626 W EDGEWATER,Chicago,IL,60660
1896,1665 W HOLLYWOOD,Chicago,IL,60660
1897,1730 W THORNDALE,Chicago,IL,60660
1898,5822 N PAULINA,Chicago,IL,60660
1899,5798 N RNSWOOD,Chicago,IL,60660
1900,1754 W THORNDALE,Chicago,IL,60660
1901,1627 W THORNDALE,Chicago,IL,60660
1902,5610 N HERMITAGE,Chicago,IL,60660
1903,1760 W THORNDALE,Chicago,IL,60660
1904,1675 W BRYN MAWR,Chicago,IL,60660
1905,1718 W THORNDALE,Chicago,IL,60660
1906,1674 W HERMITAGE,Chicago,IL,60660
1907,5726 N ROSEHILL,Chicago,IL,60660
1908,1721 W THORNDALE,Chicago,IL,60660
1909,1664 W EDGEWATER,Chicago,IL,60660
1910,5830 N HERMITAGE,Chicago,IL,60660
