1,1300 W THORNDALE,CHICAGO,IL,60660
2,1337 W THORNDALE,CHICAGO,IL,60660
3,1218 W THORNDALE,CHICAGO,IL,60660
4,1300 W THORNDALE,CHICAGO,IL,60660
5,1216 W THORNDALE,CHICAGO,IL,60660
6,1249 W THORNDALE,CHICAGO,IL,60660
7,1215 W THORNDALE,CHICAGO,IL,60660
8,1252 W THORNDALE,CHICAGO,IL,60660
9,1252 W THORNDALE,CHICAGO,IL,60660
10,1325 W THORNDALE,CHICAGO,IL,60660
11,5903 N LAKEWOOD,CHICAGO,IL,60660
12,5903 N LAKEWOOD,CHICAGO,IL,60660
13,1315 W THORNDALE,CHICAGO,IL,60660
14,1324 W THORNDALE,CHICAGO,IL,60660
15,1217 W THORNDALE,CHICAGO,IL,60660
16,5901 N LAKEWOOD,CHICAGO,IL,60660
17,1242 W THORNDALE,CHICAGO,IL,60660
18,5957 N LAKEWOOD,CHICAGO,IL,60660
19,1317 W ELMDALE,CHICAGO,IL,60660
20,1330 W ELMDALE,CHICAGO,IL,60660
21,1252 W ELMDALE,CHICAGO,IL,60660
22,5861 N MAGNOLIA,CHICAGO,IL,60660
23,5937 N MAGNOLIA,CHICAGO,IL,60660
24,5937 N MAGNOLIA,CHICAGO,IL,60660
25,5925 N MAGNOLIA,CHICAGO,IL,60660
26,1255 W ELMDALE,CHICAGO,IL,60660
27,1221 W ELMDALE,CHICAGO,IL,60660
28,1219 W ELMDALE,CHICAGO,IL,60660
29,1336 W ELMDALE,CHICAGO,IL,60660
30,5824 N MAGNOLIA,CHICAGO,IL,60660
31,1212 W ELMDALE,CHICAGO,IL,60660
32,1247 W ELMDALE,CHICAGO,IL,60660
33,5828 N MAGNOLIA,CHICAGO,IL,60660
34,1261 W ELMDALE,CHICAGO,IL,60660
35,1321 W ELMDALE,CHICAGO,IL,60660
36,1347 W ELMDALE,CHICAGO,IL,60660
37,1254 W ELMDALE,CHICAGO,IL,60660
38,1241 W ROSEDALE,CHICAGO,IL,60660
39,1215 W ROSEDALE,CHICAGO,IL,60660
40,1358 W ROSEDALE,CHICAGO,IL,60660
41,5909 N GLENWOOD,CHICAGO,IL,60660
42,1322 W ROSEDALE,CHICAGO,IL,60660
43,1246 W ROSEDALE,CHICAGO,IL,60660
44,5911 N GLENWOOD,CHICAGO,IL,60660
45,1344 W ROSEDALE,CHICAGO,IL,60660
46,1344 W ROSEDALE,CHICAGO,IL,60660
47,1311 W ROSEDALE,CHICAGO,IL,60660
48,5995 N GLENWOOD,CHICAGO,IL,60660
49,1312 W ARDMORE,CHICAGO,IL,60660
50,1343 W ARDMORE,CHICAGO,IL,60660
51,1345 W ARDMORE,CHICAGO,IL,60660
52,1262 W ARDMORE,CHICAGO,IL,60660
53,1214 W ARDMORE,CHICAGO,IL,60660
54,1251 W ARDMORE,CHICAGO,IL,60660
55,1237 W ARDMORE,CHICAGO,IL,60660
56,5921 N MAGNOLIA,CHICAGO,IL,60660
57,1205 W ARDMORE,CHICAGO,IL,60660
58,5943 N MAGNOLIA,CHICAGO,IL,60660
59,1304 W ARDMORE,CHICAGO,IL,60660
60,1220 W ARDMORE,CHICAGO,IL,60660
61,1340 W ARDMORE,CHICAGO,IL,60660
62,5911 N GLENWOOD,CHICAGO,IL,60660
63,5826 N GLENWOOD,CHICAGO,IL,60660
64,1348 W ARDMORE,CHICAGO,IL,60660
65,5935 N GLENWOOD,CHICAGO,IL,60660
66,5951 N GLENWOOD,CHICAGO,IL,60660
67,1255 W ELMDALE,CHICAGO,IL,60660
68,5943 N GLENWOOD,CHICAGO,IL,60660
69,5943 N GLENWOOD,CHICAGO,IL,60660
70,1258 W ELMDALE,CHICAGO,IL,60660
71,1243 W ELMDALE,CHICAGO,IL,60660
72,5850 N MAGNOLIA,CHICAGO,IL,60660
73,1259 W ELMDALE,CHICAGO,IL,60660
74,1314 W ELMDALE,CHICAGO,IL,60660
75,1201 W ELMDALE,CHICAGO,IL,60660
76,5915 N MAGNOLIA,CHICAGO,IL,60660
77,1333 W ELMDALE,CHICAGO,IL,60660
78,1332 W ELMDALE,CHICAGO,IL,60660
79,5858 N MAGNOLIA,CHICAGO,IL,60660
80,1345 W ELMDALE,CHICAGO,IL,60660
81,1330 W ELMDALE,CHICAGO,IL,60660
82,1315 W ELMDALE,CHICAGO,IL,60660
83,1338 W ELMDALE,CHICAGO,IL,60660
84,1324 W ELMDALE,CHICAGO,IL,60660
85,1242 W ELMDALE,CHICAGO,IL,60660
86,1223 W ELMDALE,CHICAGO,IL,60660
87,1341 W ELMDALE,CHICAGO,IL,60660
88,1238 W ELMDALE,CHICAGO,IL,60660
89,1356 W THORNDALE,CHICAGO,IL,60660
90,1321 W THORNDALE,CHICAGO,IL,60660
91,1207 W THORNDALE,CHICAGO,IL,60660
92,1253 W ELMDALE,CHICAGO,IL,60660
93,1240 W ELMDALE,CHICAGO,IL,60660
94,1224 W ELMDALE,CHICAGO,IL,60660
95,5954 N LAKEWOOD,CHICAGO,IL,60660
96,5941 N LAKEWOOD,CHICAGO,IL,60660
97,5830 N LAKEWOOD,CHICAGO,IL,60660
98,5830 N LAKEWOOD,CHICAGO,IL,60660
99,0000 W LAKEWOOD,CHICAGO,IL,60660
100,5824 N LAKEWOOD,CHICAGO,IL,60660
101,5865 N MAGNOLIA,CHICAGO,IL,60660
102,5865 N MAGNOLIA,CHICAGO,IL,60660
103,5820 N MAGNOLIA,CHICAGO,IL,60660
104,1331 W ROSEDALE,CHICAGO,IL,60660
105,5815 N MAGNOLIA,CHICAGO,IL,60660
106,5860 N MAGNOLIA,CHICAGO,IL,60660
107,1314 W ROSEDALE,CHICAGO,IL,60660
108,5832 N MAGNOLIA,CHICAGO,IL,60660
109,1344 W ROSEDALE,CHICAGO,IL,60660
110,1348 W ROSEDALE,CHICAGO,IL,60660
111,5847 N MAGNOLIA,CHICAGO,IL,60660
112,1301 W ROSEDALE,CHICAGO,IL,60660
113,0000 W LAKEWOOD,CHICAGO,IL,60660
114,5854 N MAGNOLIA,CHICAGO,IL,60660
115,5875 N GLENWOOD,CHICAGO,IL,60660
116,5835 N GLENWOOD,CHICAGO,IL,60660
117,1351 W ROSEDALE,CHICAGO,IL,60660
118,5805 N GLENWOOD,CHICAGO,IL,60660
119,1322 W ROSEDALE,CHICAGO,IL,60660
120,1315 W ELMDALE,CHICAGO,IL,60660
121,1234 W ELMDALE,CHICAGO,IL,60660
122,1218 W ELMDALE,CHICAGO,IL,60660
123,1348 W THORNDALE,CHICAGO,IL,60660
124,5939 N LAKEWOOD,CHICAGO,IL,60660
125,1330 W THORNDALE,CHICAGO,IL,60660
126,1243 W THORNDALE,CHICAGO,IL,60660
127,1258 W THORNDALE,CHICAGO,IL,60660
128,1245 W ROSEDALE,CHICAGO,IL,60660
129,1217 W ROSEDALE,CHICAGO,IL,60660
130,5959 N MAGNOLIA,CHICAGO,IL,60660
131,5843 N MAGNOLIA,CHICAGO,IL,60660
